Time Period Start Date,Indicator,Group,Subgroup,State,Value,LowCI,HighCI
02-01-2022,Took Prescription Medication for Mental Health,By State,All,California,35.49,32.28,36.63
02-01-2022,Received Counseling or Therapy,By State,All,California,34.39,31.08,35.54
02-01-2022,Took Prescription Medication for Mental Health,By State,All,Texas,18.96,16.57,23.11
02-01-2022,Received Counseling or Therapy,By State,All,Texas,12.56,9.72,16.58
02-01-2022,Took Prescription Medication for Mental Health,By State,All,Florida,39.21,35.24,42.41
02-01-2022,Received Counseling or Therapy,By State,All,Florida,31.87,27.51,35.18
02-01-2022,Took Prescription Medication for Mental Health,By State,All,New York,23.19,19.75,24.25
02-01-2022,Received Counseling or Therapy,By State,All,New York,34.45,33.14,38.07
02-01-2022,Took Prescription Medication for Mental Health,By State,All,Illinois,14.59,10.8,19.24
02-01-2022,Received Counseling or Therapy,By State,All,Illinois,35.66,32.48,38.33
02-01-2022,Took Prescription Medication for Mental Health,National Estimate,All,USA,31.57,27.77,33.64
02-01-2022,Received Counseling or Therapy,National Estimate,All,USA,28.66,25.06,32.52
02-01-2022,Took Prescription Medication for Mental Health,By Age,18 - 29 years,USA,11.85,10.36,15.05
02-01-2022,Received Counseling or Therapy,By Age,18 - 29 years,USA,32.69,29.52,36.57
02-01-2022,Took Prescription Medication for Mental Health,By Age,30 - 44 years,USA,27.32,24.11,30.31
02-01-2022,Received Counseling or Therapy,By Age,30 - 44 years,USA,17.2,15.96,21.83
02-01-2022,Took Prescription Medication for Mental Health,By Age,45 - 64 years,USA,17.6,15.23,21.02
02-01-2022,Received Counseling or Therapy,By Age,45 - 64 years,USA,30.03,26.47,34.16
02-01-2022,Took Prescription Medication for Mental Health,By Age,65+,USA,36.01,32.43,40.34
02-01-2022,Received Counseling or Therapy,By Age,65+,USA,20.31,19.19,23.2
09-01-2022,Took Prescription Medication for Mental Health,By State,All,California,13.58,10.84,17.13
09-01-2022,Received Counseling or Therapy,By State,All,California,32.02,27.91,36.76
09-01-2022,Took Prescription Medication for Mental Health,By State,All,Texas,39.64,36.11,41.08
09-01-2022,Received Counseling or Therapy,By State,All,Texas,13.41,10.75,14.41
09-01-2022,Took Prescription Medication for Mental Health,By State,All,Florida,24.17,20.65,27
09-01-2022,Received Counseling or Therapy,By State,All,Florida,28.75,25.28,30.64
09-01-2022,Took Prescription Medication for Mental Health,By State,All,New York,24.76,21.14,27.23
09-01-2022,Received Counseling or Therapy,By State,All,New York,36.16,31.8,40.44
09-01-2022,Took Prescription Medication for Mental Health,By State,All,Illinois,31.76,26.99,33.92
09-01-2022,Received Counseling or Therapy,By State,All,Illinois,22.57,19.88,24.14
09-01-2022,Took Prescription Medication for Mental Health,National Estimate,All,USA,29.12,27.46,30.38
09-01-2022,Received Counseling or Therapy,National Estimate,All,USA,23.42,21.27,27.05
09-01-2022,Took Prescription Medication for Mental Health,By Age,18 - 29 years,USA,22.42,19.53,24.5
09-01-2022,Received Counseling or Therapy,By Age,18 - 29 years,USA,13.71,11.05,16.85
09-01-2022,Took Prescription Medication for Mental Health,By Age,30 - 44 years,USA,38.93,36.61,43.46
09-01-2022,Received Counseling or Therapy,By Age,30 - 44 years,USA,29.61,25.73,31.66
09-01-2022,Took Prescription Medication for Mental Health,By Age,45 - 64 years,USA,22.01,19.51,24.16
09-01-2022,Received Counseling or Therapy,By Age,45 - 64 years,USA,16.76,11.91,19
09-01-2022,Took Prescription Medication for Mental Health,By Age,65+,USA,15.4,12.88,16.52
09-01-2022,Received Counseling or Therapy,By Age,65+,USA,20.39,17.61,22.41
16-01-2022,Took Prescription Medication for Mental Health,By State,All,California,13.06,10.32,14.12
16-01-2022,Received Counseling or Therapy,By State,All,California,16.54,12.39,19.6
16-01-2022,Took Prescription Medication for Mental Health,By State,All,Texas,26.89,23.72,31.27
16-01-2022,Received Counseling or Therapy,By State,All,Texas,30.79,27.82,33.52
16-01-2022,Took Prescription Medication for Mental Health,By State,All,Florida,34.73,33.72,39.7
16-01-2022,Received Counseling or Therapy,By State,All,Florida,16.39,13.83,18.98
16-01-2022,Took Prescription Medication for Mental Health,By State,All,New York,32.47,29.04,35.72
16-01-2022,Received Counseling or Therapy,By State,All,New York,37.91,33.42,39.75
16-01-2022,Took Prescription Medication for Mental Health,By State,All,Illinois,16.79,12.44,18.08
16-01-2022,Received Counseling or Therapy,By State,All,Illinois,25.49,22.53,27.85
16-01-2022,Took Prescription Medication for Mental Health,National Estimate,All,USA,23.08,21.13,26.67
16-01-2022,Received Counseling or Therapy,National Estimate,All,USA,24.86,22.13,27.51
16-01-2022,Took Prescription Medication for Mental Health,By Age,18 - 29 years,USA,38.09,35.29,39.54
16-01-2022,Received Counseling or Therapy,By Age,18 - 29 years,USA,12.54,8.19,16.78
16-01-2022,Took Prescription Medication for Mental Health,By Age,30 - 44 years,USA,10.68,8.82,13.14
16-01-2022,Received Counseling or Therapy,By Age,30 - 44 years,USA,16.38,13.15,17.95
16-01-2022,Took Prescription Medication for Mental Health,By Age,45 - 64 years,USA,16.24,12.97,19.9
16-01-2022,Received Counseling or Therapy,By Age,45 - 64 years,USA,22.33,19.2,24.72
16-01-2022,Took Prescription Medication for Mental Health,By Age,65+,USA,22.11,18.85,25.87
16-01-2022,Received Counseling or Therapy,By Age,65+,USA,39.74,36.54,40.88
23-01-2022,Took Prescription Medication for Mental Health,By State,All,California,14.18,9.56,18.45
23-01-2022,Received Counseling or Therapy,By State,All,California,17.09,12.92,21.56
23-01-2022,Took Prescription Medication for Mental Health,By State,All,Texas,37.03,34.81,38.32
23-01-2022,Received Counseling or Therapy,By State,All,Texas,15.29,13.27,18.35
23-01-2022,Took Prescription Medication for Mental Health,By State,All,Florida,23.49,19.23,25.15
23-01-2022,Received Counseling or Therapy,By State,All,Florida,32.74,28.1,35.32
23-01-2022,Took Prescription Medication for Mental Health,By State,All,New York,28.34,23.82,33.14
23-01-2022,Received Counseling or Therapy,By State,All,New York,20.54,17.67,21.65
23-01-2022,Took Prescription Medication for Mental Health,By State,All,Illinois,25.45,23.2,27.31
23-01-2022,Received Counseling or Therapy,By State,All,Illinois,11.36,8.67,15.12
23-01-2022,Took Prescription Medication for Mental Health,National Estimate,All,USA,30.84,29.27,32.69
23-01-2022,Received Counseling or Therapy,National Estimate,All,USA,32.71,31.25,33.95
23-01-2022,Took Prescription Medication for Mental Health,By Age,18 - 29 years,USA,28.3,25.16,33
23-01-2022,Received Counseling or Therapy,By Age,18 - 29 years,USA,34.25,29.53,36.83
23-01-2022,Took Prescription Medication for Mental Health,By Age,30 - 44 years,USA,19.9,15.17,23.36
23-01-2022,Received Counseling or Therapy,By Age,30 - 44 years,USA,39.71,35.18,41.93
23-01-2022,Took Prescription Medication for Mental Health,By Age,45 - 64 years,USA,37.7,32.81,39.49
23-01-2022,Received Counseling or Therapy,By Age,45 - 64 years,USA,23.46,21.56,25.35
23-01-2022,Took Prescription Medication for Mental Health,By Age,65+,USA,36.41,33.3,38.16
23-01-2022,Received Counseling or Therapy,By Age,65+,USA,30.74,28.98,35.07
30-01-2022,Took Prescription Medication for Mental Health,By State,All,California,22.07,17.94,27.04
30-01-2022,Received Counseling or Therapy,By State,All,California,13.76,12.43,14.81
30-01-2022,Took Prescription Medication for Mental Health,By State,All,Texas,20.02,18.33,24.08
30-01-2022,Received Counseling or Therapy,By State,All,Texas,23.68,21.83,25.42
30-01-2022,Took Prescription Medication for Mental Health,By State,All,Florida,14.12,12.72,17.2
30-01-2022,Received Counseling or Therapy,By State,All,Florida,31.59,28.67,33.01
30-01-2022,Took Prescription Medication for Mental Health,By State,All,New York,24.23,22.09,27.95
30-01-2022,Received Counseling or Therapy,By State,All,New York,15.31,11.99,17.1
30-01-2022,Took Prescription Medication for Mental Health,By State,All,Illinois,32.42,31.27,36.15
30-01-2022,Received Counseling or Therapy,By State,All,Illinois,20.2,16.77,23.53
30-01-2022,Took Prescription Medication for Mental Health,National Estimate,All,USA,34.52,31.82,35.57
30-01-2022,Received Counseling or Therapy,National Estimate,All,USA,28.64,25.71,32.28
30-01-2022,Took Prescription Medication for Mental Health,By Age,18 - 29 years,USA,21.25,20.23,26.19
30-01-2022,Received Counseling or Therapy,By Age,18 - 29 years,USA,25.65,22.6,29.39
30-01-2022,Took Prescription Medication for Mental Health,By Age,30 - 44 years,USA,12.21,10.19,14.93
30-01-2022,Received Counseling or Therapy,By Age,30 - 44 years,USA,38.03,36.46,41.53
30-01-2022,Took Prescription Medication for Mental Health,By Age,45 - 64 years,USA,24.39,20.48,27.92
30-01-2022,Received Counseling or Therapy,By Age,45 - 64 years,USA,27.06,22.63,28.63
30-01-2022,Took Prescription Medication for Mental Health,By Age,65+,USA,14.45,12.4,17.11
30-01-2022,Received Counseling or Therapy,By Age,65+,USA,11.48,9.2,13.33
06-02-2022,Took Prescription Medication for Mental Health,By State,All,California,32.02,30.36,36.91
06-02-2022,Received Counseling or Therapy,By State,All,California,26.06,23.54,30.71
06-02-2022,Took Prescription Medication for Mental Health,By State,All,Texas,27.1,24.75,28.7
06-02-2022,Received Counseling or Therapy,By State,All,Texas,29.32,27.86,32.6
06-02-2022,Took Prescription Medication for Mental Health,By State,All,Florida,26.22,23.75,29.12
06-02-2022,Received Counseling or Therapy,By State,All,Florida,16.12,11.83,19.33
06-02-2022,Took Prescription Medication for Mental Health,By State,All,New York,25.62,23.85,28.35
06-02-2022,Received Counseling or Therapy,By State,All,New York,31.69,29.34,32.74
06-02-2022,Took Prescription Medication for Mental Health,By State,All,Illinois,22.93,21.01,26.89
06-02-2022,Received Counseling or Therapy,By State,All,Illinois,16.03,11.75,20.77
06-02-2022,Took Prescription Medication for Mental Health,National Estimate,All,USA,33.5,31.06,35.02
06-02-2022,Received Counseling or Therapy,National Estimate,All,USA,20.68,19.47,22.1
06-02-2022,Took Prescription Medication for Mental Health,By Age,18 - 29 years,USA,14.17,10.76,16.71
06-02-2022,Received Counseling or Therapy,By Age,18 - 29 years,USA,35.89,32.87,39.06
06-02-2022,Took Prescription Medication for Mental Health,By Age,30 - 44 years,USA,14.55,13.18,16.74
06-02-2022,Received Counseling or Therapy,By Age,30 - 44 years,USA,14.5,10.02,18.45
06-02-2022,Took Prescription Medication for Mental Health,By Age,45 - 64 years,USA,28.61,25.39,30.11
06-02-2022,Received Counseling or Therapy,By Age,45 - 64 years,USA,34.74,29.8,38
06-02-2022,Took Prescription Medication for Mental Health,By Age,65+,USA,29.95,28.87,34.81
06-02-2022,Received Counseling or Therapy,By Age,65+,USA,36.19,34.7,37.78
13-02-2022,Took Prescription Medication for Mental Health,By State,All,California,23.94,21.27,26.71
13-02-2022,Received Counseling or Therapy,By State,All,California,11.46,7.07,13.2
13-02-2022,Took Prescription Medication for Mental Health,By State,All,Texas,20.03,17.68,22.08
13-02-2022,Received Counseling or Therapy,By State,All,Texas,12.64,9.23,16.97
13-02-2022,Took Prescription Medication for Mental Health,By State,All,Florida,15.51,13.74,19.42
13-02-2022,Received Counseling or Therapy,By State,All,Florida,23.62,21.06,25.55
13-02-2022,Took Prescription Medication for Mental Health,By State,All,New York,33.25,30.01,36.61
13-02-2022,Received Counseling or Therapy,By State,All,New York,14.21,11.54,15.44
13-02-2022,Took Prescription Medication for Mental Health,By State,All,Illinois,19.17,15.41,21.52
13-02-2022,Received Counseling or Therapy,By State,All,Illinois,36.86,34.06,37.88
13-02-2022,Took Prescription Medication for Mental Health,National Estimate,All,USA,24.33,21.02,25.4
13-02-2022,Received Counseling or Therapy,National Estimate,All,USA,17.5,15.97,19.26
13-02-2022,Took Prescription Medication for Mental Health,By Age,18 - 29 years,USA,21.67,19.25,23.77
13-02-2022,Received Counseling or Therapy,By Age,18 - 29 years,USA,21.75,17.77,26.53
13-02-2022,Took Prescription Medication for Mental Health,By Age,30 - 44 years,USA,32.1,28.69,36.01
13-02-2022,Received Counseling or Therapy,By Age,30 - 44 years,USA,14.5,13.31,16.03
13-02-2022,Took Prescription Medication for Mental Health,By Age,45 - 64 years,USA,37.86,34.79,40.23
13-02-2022,Received Counseling or Therapy,By Age,45 - 64 years,USA,23.15,21.34,25.63
13-02-2022,Took Prescription Medication for Mental Health,By Age,65+,USA,28.1,24.77,29.29
13-02-2022,Received Counseling or Therapy,By Age,65+,USA,20.62,18.09,25.05
20-02-2022,Took Prescription Medication for Mental Health,By State,All,California,30.61,28.12,33.34
20-02-2022,Received Counseling or Therapy,By State,All,California,34.56,31.84,38.46
20-02-2022,Took Prescription Medication for Mental Health,By State,All,Texas,34.39,32.73,36.85
20-02-2022,Received Counseling or Therapy,By State,All,Texas,27.06,23.25,30.42
20-02-2022,Took Prescription Medication for Mental Health,By State,All,Florida,19.11,15.31,20.34
20-02-2022,Received Counseling or Therapy,By State,All,Florida,13.89,11.83,17.76
20-02-2022,Took Prescription Medication for Mental Health,By State,All,New York,34.79,31.69,38.35
20-02-2022,Received Counseling or Therapy,By State,All,New York,30.57,25.92,32.48
20-02-2022,Took Prescription Medication for Mental Health,By State,All,Illinois,15.41,11.49,18.79
20-02-2022,Received Counseling or Therapy,By State,All,Illinois,19.86,18.29,22.79
20-02-2022,Took Prescription Medication for Mental Health,National Estimate,All,USA,16.57,15.3,18.66
20-02-2022,Received Counseling or Therapy,National Estimate,All,USA,21.05,18.08,23.61
20-02-2022,Took Prescription Medication for Mental Health,By Age,18 - 29 years,USA,25.16,21.99,28.11
20-02-2022,Received Counseling or Therapy,By Age,18 - 29 years,USA,14.66,11.98,17.86
20-02-2022,Took Prescription Medication for Mental Health,By Age,30 - 44 years,USA,12.7,8.92,16.6
20-02-2022,Received Counseling or Therapy,By Age,30 - 44 years,USA,33.32,28.97,36.13
20-02-2022,Took Prescription Medication for Mental Health,By Age,45 - 64 years,USA,11.1,7.21,14.76
20-02-2022,Received Counseling or Therapy,By Age,45 - 64 years,USA,36.72,32.93,41.67
20-02-2022,Took Prescription Medication for Mental Health,By Age,65+,USA,11.37,6.92,15.58
20-02-2022,Received Counseling or Therapy,By Age,65+,USA,19.5,16.7,23.94
27-02-2022,Took Prescription Medication for Mental Health,By State,All,California,33.28,31.93,36.11
27-02-2022,Received Counseling or Therapy,By State,All,California,39.69,35.55,43.97
27-02-2022,Took Prescription Medication for Mental Health,By State,All,Texas,23.11,21.62,27.09
27-02-2022,Received Counseling or Therapy,By State,All,Texas,21.67,18.87,24.36
27-02-2022,Took Prescription Medication for Mental Health,By State,All,Florida,12,9.73,16.75
27-02-2022,Received Counseling or Therapy,By State,All,Florida,24.63,20.02,26.59
27-02-2022,Took Prescription Medication for Mental Health,By State,All,New York,34.04,32,38.39
27-02-2022,Received Counseling or Therapy,By State,All,New York,37.04,35,41.38
27-02-2022,Took Prescription Medication for Mental Health,By State,All,Illinois,32.42,29.77,34.55
27-02-2022,Received Counseling or Therapy,By State,All,Illinois,39.84,38.68,44.09
27-02-2022,Took Prescription Medication for Mental Health,National Estimate,All,USA,16.15,12.83,19.51
27-02-2022,Received Counseling or Therapy,National Estimate,All,USA,22.7,20.06,24.79
27-02-2022,Took Prescription Medication for Mental Health,By Age,18 - 29 years,USA,31.06,26.33,33.11
27-02-2022,Received Counseling or Therapy,By Age,18 - 29 years,USA,35.42,32.75,38.08
27-02-2022,Took Prescription Medication for Mental Health,By Age,30 - 44 years,USA,27.07,25.36,31.85
27-02-2022,Received Counseling or Therapy,By Age,30 - 44 years,USA,30.44,28.79,31.66
27-02-2022,Took Prescription Medication for Mental Health,By Age,45 - 64 years,USA,22.3,20.58,26.08
27-02-2022,Received Counseling or Therapy,By Age,45 - 64 years,USA,14.75,13.44,18.32
27-02-2022,Took Prescription Medication for Mental Health,By Age,65+,USA,15.15,12.79,16.85
27-02-2022,Received Counseling or Therapy,By Age,65+,USA,11.04,7.55,12.43
06-03-2022,Took Prescription Medication for Mental Health,By State,All,California,13.22,8.88,17.35
06-03-2022,Received Counseling or Therapy,By State,All,California,35.31,31.29,39.78
06-03-2022,Took Prescription Medication for Mental Health,By State,All,Texas,34.6,29.81,36.61
06-03-2022,Received Counseling or Therapy,By State,All,Texas,38.95,36.44,43.08
06-03-2022,Took Prescription Medication for Mental Health,By State,All,Florida,31.84,28.46,33.92
06-03-2022,Received Counseling or Therapy,By State,All,Florida,14.35,11.9,16.24
06-03-2022,Took Prescription Medication for Mental Health,By State,All,New York,32.42,29.66,35.81
06-03-2022,Received Counseling or Therapy,By State,All,New York,13.11,11.58,15.55
06-03-2022,Took Prescription Medication for Mental Health,By State,All,Illinois,20.32,16.77,25.25
06-03-2022,Received Counseling or Therapy,By State,All,Illinois,31.13,27.61,32.41
06-03-2022,Took Prescription Medication for Mental Health,National Estimate,All,USA,15.2,14.16,17.94
06-03-2022,Received Counseling or Therapy,National Estimate,All,USA,34.24,31.38,37.12
06-03-2022,Took Prescription Medication for Mental Health,By Age,18 - 29 years,USA,24.45,21.36,26.35
06-03-2022,Received Counseling or Therapy,By Age,18 - 29 years,USA,13.09,10.8,14.82
06-03-2022,Took Prescription Medication for Mental Health,By Age,30 - 44 years,USA,19.77,16.39,20.92
06-03-2022,Received Counseling or Therapy,By Age,30 - 44 years,USA,29.87,25.05,32.23
06-03-2022,Took Prescription Medication for Mental Health,By Age,45 - 64 years,USA,17.38,14.25,18.76
06-03-2022,Received Counseling or Therapy,By Age,45 - 64 years,USA,30.4,28.54,31.8
06-03-2022,Took Prescription Medication for Mental Health,By Age,65+,USA,38.19,33.29,39.79
06-03-2022,Received Counseling or Therapy,By Age,65+,USA,19.29,16.22,20.94
13-03-2022,Took Prescription Medication for Mental Health,By State,All,California,15.47,13.82,17.43
13-03-2022,Received Counseling or Therapy,By State,All,California,37.59,36.41,39.02
13-03-2022,Took Prescription Medication for Mental Health,By State,All,Texas,35.93,31.95,40.5
13-03-2022,Received Counseling or Therapy,By State,All,Texas,19.66,15.29,22.3
13-03-2022,Took Prescription Medication for Mental Health,By State,All,Florida,34.66,33.5,37.94
13-03-2022,Received Counseling or Therapy,By State,All,Florida,16.91,13.55,21.67
13-03-2022,Took Prescription Medication for Mental Health,By State,All,New York,30.83,28.92,33.4
13-03-2022,Received Counseling or Therapy,By State,All,New York,14.13,12.47,15.42
13-03-2022,Took Prescription Medication for Mental Health,By State,All,Illinois,15.71,14.02,20.48
13-03-2022,Received Counseling or Therapy,By State,All,Illinois,14.97,11.27,18.32
13-03-2022,Took Prescription Medication for Mental Health,National Estimate,All,USA,15.01,12.82,18.67
13-03-2022,Received Counseling or Therapy,National Estimate,All,USA,34.1,32.26,36.97
13-03-2022,Took Prescription Medication for Mental Health,By Age,18 - 29 years,USA,16.06,11.97,21
13-03-2022,Received Counseling or Therapy,By Age,18 - 29 years,USA,15.75,10.94,20.51
13-03-2022,Took Prescription Medication for Mental Health,By Age,30 - 44 years,USA,13.52,11.12,17.68
13-03-2022,Received Counseling or Therapy,By Age,30 - 44 years,USA,22.47,18.25,27.16
13-03-2022,Took Prescription Medication for Mental Health,By Age,45 - 64 years,USA,32.31,31.14,36.6
13-03-2022,Received Counseling or Therapy,By Age,45 - 64 years,USA,11.03,7.95,15.07
13-03-2022,Took Prescription Medication for Mental Health,By Age,65+,USA,18.08,13.12,20.68
13-03-2022,Received Counseling or Therapy,By Age,65+,USA,12.62,9.77,17.14
20-03-2022,Took Prescription Medication for Mental Health,By State,All,California,25.82,24.6,28.41
20-03-2022,Received Counseling or Therapy,By State,All,California,39.17,35.05,40.81
20-03-2022,Took Prescription Medication for Mental Health,By State,All,Texas,28.55,27.16,30.02
20-03-2022,Received Counseling or Therapy,By State,All,Texas,11.65,6.94,16.49
20-03-2022,Took Prescription Medication for Mental Health,By State,All,Florida,11.55,10.39,13.39
20-03-2022,Received Counseling or Therapy,By State,All,Florida,34.99,33.76,39.67
20-03-2022,Took Prescription Medication for Mental Health,By State,All,New York,21.31,18.32,26.29
20-03-2022,Received Counseling or Therapy,By State,All,New York,17.66,14.81,20.65
20-03-2022,Took Prescription Medication for Mental Health,By State,All,Illinois,10.85,8.4,13.26
20-03-2022,Received Counseling or Therapy,By State,All,Illinois,37.53,34.55,41.14
20-03-2022,Took Prescription Medication for Mental Health,National Estimate,All,USA,19.02,16.4,20.22
20-03-2022,Received Counseling or Therapy,National Estimate,All,USA,29.26,25.64,31.18
20-03-2022,Took Prescription Medication for Mental Health,By Age,18 - 29 years,USA,19.25,17.33,21.13
20-03-2022,Received Counseling or Therapy,By Age,18 - 29 years,USA,29.97,25.29,34.45
20-03-2022,Took Prescription Medication for Mental Health,By Age,30 - 44 years,USA,35.27,33.74,39.66
20-03-2022,Received Counseling or Therapy,By Age,30 - 44 years,USA,19.45,16,23.66
20-03-2022,Took Prescription Medication for Mental Health,By Age,45 - 64 years,USA,36.93,32.41,38.87
20-03-2022,Received Counseling or Therapy,By Age,45 - 64 years,USA,11.56,6.67,14.14
20-03-2022,Took Prescription Medication for Mental Health,By Age,65+,USA,12.64,10.92,16.36
20-03-2022,Received Counseling or Therapy,By Age,65+,USA,20.82,17.52,21.99
27-03-2022,Took Prescription Medication for Mental Health,By State,All,California,26.39,21.51,29.77
27-03-2022,Received Counseling or Therapy,By State,All,California,10.5,8.11,12.51
27-03-2022,Took Prescription Medication for Mental Health,By State,All,Texas,21.95,18.24,24.84
27-03-2022,Received Counseling or Therapy,By State,All,Texas,25.87,24.45,29.7
27-03-2022,Took Prescription Medication for Mental Health,By State,All,Florida,12.89,9.39,14.6
27-03-2022,Received Counseling or Therapy,By State,All,Florida,33.86,29.4,35.83
27-03-2022,Took Prescription Medication for Mental Health,By State,All,New York,16.4,11.69,18.55
27-03-2022,Received Counseling or Therapy,By State,All,New York,34.34,31.05,36.67
27-03-2022,Took Prescription Medication for Mental Health,By State,All,Illinois,30.61,26.08,33.08
27-03-2022,Received Counseling or Therapy,By State,All,Illinois,26.49,25.29,27.49
27-03-2022,Took Prescription Medication for Mental Health,National Estimate,All,USA,30.19,29.13,34.17
27-03-2022,Received Counseling or Therapy,National Estimate,All,USA,21.92,19.2,24.32
27-03-2022,Took Prescription Medication for Mental Health,By Age,18 - 29 years,USA,31.43,28.53,34.84
27-03-2022,Received Counseling or Therapy,By Age,18 - 29 years,USA,13.83,10.45,16.16
27-03-2022,Took Prescription Medication for Mental Health,By Age,30 - 44 years,USA,21.68,19.08,24.72
27-03-2022,Received Counseling or Therapy,By Age,30 - 44 years,USA,34.04,29.48,38.45
27-03-2022,Took Prescription Medication for Mental Health,By Age,45 - 64 years,USA,27.09,24.21,30.43
27-03-2022,Received Counseling or Therapy,By Age,45 - 64 years,USA,33.92,32.82,38
27-03-2022,Took Prescription Medication for Mental Health,By Age,65+,USA,19.71,15.52,20.75
27-03-2022,Received Counseling or Therapy,By Age,65+,USA,25,21.36,27.74
03-04-2022,Took Prescription Medication for Mental Health,By State,All,California,36.77,31.89,38.93
03-04-2022,Received Counseling or Therapy,By State,All,California,10.05,8.23,14.54
03-04-2022,Took Prescription Medication for Mental Health,By State,All,Texas,30.48,27.13,32.9
03-04-2022,Received Counseling or Therapy,By State,All,Texas,38.72,35.3,42.64
03-04-2022,Took Prescription Medication for Mental Health,By State,All,Florida,25.45,20.48,29.7
03-04-2022,Received Counseling or Therapy,By State,All,Florida,32.85,29.51,36.49
03-04-2022,Took Prescription Medication for Mental Health,By State,All,New York,34.86,31.61,37.18
03-04-2022,Received Counseling or Therapy,By State,All,New York,26.63,21.69,31.58
03-04-2022,Took Prescription Medication for Mental Health,By State,All,Illinois,10.01,8.95,12.67
03-04-2022,Received Counseling or Therapy,By State,All,Illinois,36.53,34.7,38.84
03-04-2022,Took Prescription Medication for Mental Health,National Estimate,All,USA,23.76,21.84,25.12
03-04-2022,Received Counseling or Therapy,National Estimate,All,USA,22.54,18.65,23.87
03-04-2022,Took Prescription Medication for Mental Health,By Age,18 - 29 years,USA,22.54,18.34,26.41
03-04-2022,Received Counseling or Therapy,By Age,18 - 29 years,USA,18.09,13.32,20.08
03-04-2022,Took Prescription Medication for Mental Health,By Age,30 - 44 years,USA,22.23,18.52,24.19
03-04-2022,Received Counseling or Therapy,By Age,30 - 44 years,USA,37.59,35.99,41.6
03-04-2022,Took Prescription Medication for Mental Health,By Age,45 - 64 years,USA,15.53,12.62,17.75
03-04-2022,Received Counseling or Therapy,By Age,45 - 64 years,USA,28.84,23.91,31.03
03-04-2022,Took Prescription Medication for Mental Health,By Age,65+,USA,37.71,33.38,38.94
03-04-2022,Received Counseling or Therapy,By Age,65+,USA,20.41,16.83,25.04
10-04-2022,Took Prescription Medication for Mental Health,By State,All,California,13.72,12.46,14.72
10-04-2022,Received Counseling or Therapy,By State,All,California,19.22,16.6,22.95
10-04-2022,Took Prescription Medication for Mental Health,By State,All,Texas,16.62,13.67,18.73
10-04-2022,Received Counseling or Therapy,By State,All,Texas,38.81,36.99,43.53
10-04-2022,Took Prescription Medication for Mental Health,By State,All,Florida,15.06,13.45,17.7
10-04-2022,Received Counseling or Therapy,By State,All,Florida,25.05,22.95,27.98
10-04-2022,Took Prescription Medication for Mental Health,By State,All,New York,24.48,23.17,26.79
10-04-2022,Received Counseling or Therapy,By State,All,New York,19.41,18.35,23.47
10-04-2022,Took Prescription Medication for Mental Health,By State,All,Illinois,34.94,32.17,39.23
10-04-2022,Received Counseling or Therapy,By State,All,Illinois,37.54,33.87,41.37
10-04-2022,Took Prescription Medication for Mental Health,National Estimate,All,USA,21.82,18.3,24.41
10-04-2022,Received Counseling or Therapy,National Estimate,All,USA,22.86,21.56,26.07
10-04-2022,Took Prescription Medication for Mental Health,By Age,18 - 29 years,USA,37.81,36.44,39.36
10-04-2022,Received Counseling or Therapy,By Age,18 - 29 years,USA,13.28,8.91,15.97
10-04-2022,Took Prescription Medication for Mental Health,By Age,30 - 44 years,USA,19.48,18.07,23.9
10-04-2022,Received Counseling or Therapy,By Age,30 - 44 years,USA,13.76,11.91,15.26
10-04-2022,Took Prescription Medication for Mental Health,By Age,45 - 64 years,USA,32.12,29.33,33.79
10-04-2022,Received Counseling or Therapy,By Age,45 - 64 years,USA,31.43,30.1,35.3
10-04-2022,Took Prescription Medication for Mental Health,By Age,65+,USA,22.52,19.87,25.39
10-04-2022,Received Counseling or Therapy,By Age,65+,USA,34.32,32.05,35.74
17-04-2022,Took Prescription Medication for Mental Health,By State,All,California,27.38,25.98,30.61
17-04-2022,Received Counseling or Therapy,By State,All,California,21.87,18.12,24.05
17-04-2022,Took Prescription Medication for Mental Health,By State,All,Texas,21.31,18.3,24
17-04-2022,Received Counseling or Therapy,By State,All,Texas,27.56,23.61,32.24
17-04-2022,Took Prescription Medication for Mental Health,By State,All,Florida,20.46,16.04,22.76
17-04-2022,Received Counseling or Therapy,By State,All,Florida,12.86,8.52,14.49
17-04-2022,Took Prescription Medication for Mental Health,By State,All,New York,29.32,26.52,32.02
17-04-2022,Received Counseling or Therapy,By State,All,New York,13.34,10.46,16.15
17-04-2022,Took Prescription Medication for Mental Health,By State,All,Illinois,17.62,14.64,18.96
17-04-2022,Received Counseling or Therapy,By State,All,Illinois,23.37,20.07,25.15
17-04-2022,Took Prescription Medication for Mental Health,National Estimate,All,USA,31.18,28.41,34.05
17-04-2022,Received Counseling or Therapy,National Estimate,All,USA,17.39,13.91,20.69
17-04-2022,Took Prescription Medication for Mental Health,By Age,18 - 29 years,USA,36.25,34.94,37.66
17-04-2022,Received Counseling or Therapy,By Age,18 - 29 years,USA,34.4,32.39,39.32
17-04-2022,Took Prescription Medication for Mental Health,By Age,30 - 44 years,USA,11.78,7.54,13.41
17-04-2022,Received Counseling or Therapy,By Age,30 - 44 years,USA,27.11,22.47,30.11
17-04-2022,Took Prescription Medication for Mental Health,By Age,45 - 64 years,USA,22.1,18.98,26.36
17-04-2022,Received Counseling or Therapy,By Age,45 - 64 years,USA,22.39,19.09,23.73
17-04-2022,Took Prescription Medication for Mental Health,By Age,65+,USA,14.09,12.46,15.53
17-04-2022,Received Counseling or Therapy,By Age,65+,USA,13.75,11.11,17.34
24-04-2022,Took Prescription Medication for Mental Health,By State,All,California,11.65,8.07,16.31
24-04-2022,Received Counseling or Therapy,By State,All,California,39.2,36.64,42.16
24-04-2022,Took Prescription Medication for Mental Health,By State,All,Texas,22.76,20.3,27.62
24-04-2022,Received Counseling or Therapy,By State,All,Texas,11.88,9.89,15.7
24-04-2022,Took Prescription Medication for Mental Health,By State,All,Florida,11.89,10.22,16.29
24-04-2022,Received Counseling or Therapy,By State,All,Florida,34.09,32.78,36.43
24-04-2022,Took Prescription Medication for Mental Health,By State,All,New York,22.07,21.01,24.08
24-04-2022,Received Counseling or Therapy,By State,All,New York,12.08,10.94,14.67
24-04-2022,Took Prescription Medication for Mental Health,By State,All,Illinois,12.03,9.3,15.22
24-04-2022,Received Counseling or Therapy,By State,All,Illinois,28.09,24.93,30.23
24-04-2022,Took Prescription Medication for Mental Health,National Estimate,All,USA,28.32,26.23,31.51
24-04-2022,Received Counseling or Therapy,National Estimate,All,USA,34.62,30.95,38.23
24-04-2022,Took Prescription Medication for Mental Health,By Age,18 - 29 years,USA,10.49,6.39,13.26
24-04-2022,Received Counseling or Therapy,By Age,18 - 29 years,USA,22.65,18.98,25.74
24-04-2022,Took Prescription Medication for Mental Health,By Age,30 - 44 years,USA,22.09,18.98,25.46
24-04-2022,Received Counseling or Therapy,By Age,30 - 44 years,USA,22.37,20.68,25.35
24-04-2022,Took Prescription Medication for Mental Health,By Age,45 - 64 years,USA,32.51,28.31,34.6
24-04-2022,Received Counseling or Therapy,By Age,45 - 64 years,USA,32.89,27.95,34.02
24-04-2022,Took Prescription Medication for Mental Health,By Age,65+,USA,25.42,23.48,28.33
24-04-2022,Received Counseling or Therapy,By Age,65+,USA,16.55,12.24,20.65
01-05-2022,Took Prescription Medication for Mental Health,By State,All,California,27.43,24.81,29.71
01-05-2022,Received Counseling or Therapy,By State,All,California,12.48,9.87,13.9
01-05-2022,Took Prescription Medication for Mental Health,By State,All,Texas,34.12,31.44,36.95
01-05-2022,Received Counseling or Therapy,By State,All,Texas,20.67,17.16,23.24
01-05-2022,Took Prescription Medication for Mental Health,By State,All,Florida,30.5,29.1,34.95
01-05-2022,Received Counseling or Therapy,By State,All,Florida,31.5,29.42,34.84
01-05-2022,Took Prescription Medication for Mental Health,By State,All,New York,17.97,16.17,20.32
01-05-2022,Received Counseling or Therapy,By State,All,New York,28.31,24.29,29.44
01-05-2022,Took Prescription Medication for Mental Health,By State,All,Illinois,35.96,33.32,38.72
01-05-2022,Received Counseling or Therapy,By State,All,Illinois,11.31,9.93,13.34
01-05-2022,Took Prescription Medication for Mental Health,National Estimate,All,USA,16.21,14.99,18.25
01-05-2022,Received Counseling or Therapy,National Estimate,All,USA,20.38,18.58,22.09
01-05-2022,Took Prescription Medication for Mental Health,By Age,18 - 29 years,USA,15.24,14.01,20.08
01-05-2022,Received Counseling or Therapy,By Age,18 - 29 years,USA,13.48,9.07,17.2
01-05-2022,Took Prescription Medication for Mental Health,By Age,30 - 44 years,USA,36.24,32.31,39.62
01-05-2022,Received Counseling or Therapy,By Age,30 - 44 years,USA,10.67,8.21,12.71
01-05-2022,Took Prescription Medication for Mental Health,By Age,45 - 64 years,USA,13.31,9.57,18.26
01-05-2022,Received Counseling or Therapy,By Age,45 - 64 years,USA,35.7,33.51,37.36
01-05-2022,Took Prescription Medication for Mental Health,By Age,65+,USA,12.6,10.23,15.7
01-05-2022,Received Counseling or Therapy,By Age,65+,USA,16.87,11.98,20.05
08-05-2022,Took Prescription Medication for Mental Health,By State,All,California,24.95,20.16,26.42
08-05-2022,Received Counseling or Therapy,By State,All,California,35.34,33.94,36.74
08-05-2022,Took Prescription Medication for Mental Health,By State,All,Texas,38.43,33.45,41.97
08-05-2022,Received Counseling or Therapy,By State,All,Texas,18.41,13.66,20.1
08-05-2022,Took Prescription Medication for Mental Health,By State,All,Florida,16.91,12.55,21.59
08-05-2022,Received Counseling or Therapy,By State,All,Florida,36.12,31.22,40.25
08-05-2022,Took Prescription Medication for Mental Health,By State,All,New York,39.74,38.12,41.11
08-05-2022,Received Counseling or Therapy,By State,All,New York,25.76,20.83,27.68
08-05-2022,Took Prescription Medication for Mental Health,By State,All,Illinois,19.35,16.69,24.17
08-05-2022,Received Counseling or Therapy,By State,All,Illinois,35.71,31.35,39.28
08-05-2022,Took Prescription Medication for Mental Health,National Estimate,All,USA,34.84,33.64,36.3
08-05-2022,Received Counseling or Therapy,National Estimate,All,USA,18.53,16.44,20.59
08-05-2022,Took Prescription Medication for Mental Health,By Age,18 - 29 years,USA,21.27,18.03,24.29
08-05-2022,Received Counseling or Therapy,By Age,18 - 29 years,USA,38.08,36.76,42.62
08-05-2022,Took Prescription Medication for Mental Health,By Age,30 - 44 years,USA,14.88,12.91,17.63
08-05-2022,Received Counseling or Therapy,By Age,30 - 44 years,USA,15.09,11.14,16.23
08-05-2022,Took Prescription Medication for Mental Health,By Age,45 - 64 years,USA,19.53,17.3,22.46
08-05-2022,Received Counseling or Therapy,By Age,45 - 64 years,USA,19.78,18.28,21.74
08-05-2022,Took Prescription Medication for Mental Health,By Age,65+,USA,11.7,10.66,13.69
08-05-2022,Received Counseling or Therapy,By Age,65+,USA,38.8,34.56,41.66
15-05-2022,Took Prescription Medication for Mental Health,By State,All,California,27.14,23.18,29.16
15-05-2022,Received Counseling or Therapy,By State,All,California,15.57,11.63,17.74
15-05-2022,Took Prescription Medication for Mental Health,By State,All,Texas,19.25,15.72,21.05
15-05-2022,Received Counseling or Therapy,By State,All,Texas,26.17,21.48,27.37
15-05-2022,Took Prescription Medication for Mental Health,By State,All,Florida,32.22,30.81,35.15
15-05-2022,Received Counseling or Therapy,By State,All,Florida,11.83,9.98,16.48
15-05-2022,Took Prescription Medication for Mental Health,By State,All,New York,25.45,22.86,29.2
15-05-2022,Received Counseling or Therapy,By State,All,New York,33.41,30.4,37.54
15-05-2022,Took Prescription Medication for Mental Health,By State,All,Illinois,30.87,25.88,33.62
15-05-2022,Received Counseling or Therapy,By State,All,Illinois,17.33,15.6,21.08
15-05-2022,Took Prescription Medication for Mental Health,National Estimate,All,USA,25.89,24.47,29.59
15-05-2022,Received Counseling or Therapy,National Estimate,All,USA,16.11,13.73,17.72
15-05-2022,Took Prescription Medication for Mental Health,By Age,18 - 29 years,USA,17.12,14.27,20.31
15-05-2022,Received Counseling or Therapy,By Age,18 - 29 years,USA,34.14,29.37,36.31
15-05-2022,Took Prescription Medication for Mental Health,By Age,30 - 44 years,USA,37.9,34.99,39.57
15-05-2022,Received Counseling or Therapy,By Age,30 - 44 years,USA,27.74,23.74,29.36
15-05-2022,Took Prescription Medication for Mental Health,By Age,45 - 64 years,USA,24.57,22.14,27.49
15-05-2022,Received Counseling or Therapy,By Age,45 - 64 years,USA,14.63,12.75,18.66
15-05-2022,Took Prescription Medication for Mental Health,By Age,65+,USA,30.68,28.39,31.85
15-05-2022,Received Counseling or Therapy,By Age,65+,USA,14.9,12.04,17.61
22-05-2022,Took Prescription Medication for Mental Health,By State,All,California,18.4,13.61,21.8
22-05-2022,Received Counseling or Therapy,By State,All,California,30.64,28.68,34
22-05-2022,Took Prescription Medication for Mental Health,By State,All,Texas,10.62,7.63,12.85
22-05-2022,Received Counseling or Therapy,By State,All,Texas,24.55,20.73,26.32
22-05-2022,Took Prescription Medication for Mental Health,By State,All,Florida,18.01,13.74,21.99
22-05-2022,Received Counseling or Therapy,By State,All,Florida,12.29,11.26,16.55
22-05-2022,Took Prescription Medication for Mental Health,By State,All,New York,19.47,16.5,21.09
22-05-2022,Received Counseling or Therapy,By State,All,New York,19.51,14.96,21.08
22-05-2022,Took Prescription Medication for Mental Health,By State,All,Illinois,24.36,23.08,25.85
22-05-2022,Received Counseling or Therapy,By State,All,Illinois,36.09,33.35,38.27
22-05-2022,Took Prescription Medication for Mental Health,National Estimate,All,USA,22.3,21.1,25.14
22-05-2022,Received Counseling or Therapy,National Estimate,All,USA,27.91,25.06,29.18
22-05-2022,Took Prescription Medication for Mental Health,By Age,18 - 29 years,USA,23.48,20.52,26.01
22-05-2022,Received Counseling or Therapy,By Age,18 - 29 years,USA,21.6,17.92,22.61
22-05-2022,Took Prescription Medication for Mental Health,By Age,30 - 44 years,USA,23.7,20.45,26.85
22-05-2022,Received Counseling or Therapy,By Age,30 - 44 years,USA,28.02,26.05,31.82
22-05-2022,Took Prescription Medication for Mental Health,By Age,45 - 64 years,USA,13.85,8.93,15.87
22-05-2022,Received Counseling or Therapy,By Age,45 - 64 years,USA,33.54,29.53,37.39
22-05-2022,Took Prescription Medication for Mental Health,By Age,65+,USA,23.8,20.98,25.67
22-05-2022,Received Counseling or Therapy,By Age,65+,USA,34.38,31.68,35.62
29-05-2022,Took Prescription Medication for Mental Health,By State,All,California,19.07,16.45,22
29-05-2022,Received Counseling or Therapy,By State,All,California,36.7,32.28,39.49
29-05-2022,Took Prescription Medication for Mental Health,By State,All,Texas,22.25,17.61,25.24
29-05-2022,Received Counseling or Therapy,By State,All,Texas,36.21,33.21,40.13
29-05-2022,Took Prescription Medication for Mental Health,By State,All,Florida,14.89,12.72,17.9
29-05-2022,Received Counseling or Therapy,By State,All,Florida,36.09,33.3,38.95
29-05-2022,Took Prescription Medication for Mental Health,By State,All,New York,21.36,19.71,24.4
29-05-2022,Received Counseling or Therapy,By State,All,New York,32.11,30.28,34.52
29-05-2022,Took Prescription Medication for Mental Health,By State,All,Illinois,31.03,26.07,33.84
29-05-2022,Received Counseling or Therapy,By State,All,Illinois,12.64,9,14.03
29-05-2022,Took Prescription Medication for Mental Health,National Estimate,All,USA,26.62,24.62,30.14
29-05-2022,Received Counseling or Therapy,National Estimate,All,USA,33.41,30.79,35.13
29-05-2022,Took Prescription Medication for Mental Health,By Age,18 - 29 years,USA,17.67,15.4,19.77
29-05-2022,Received Counseling or Therapy,By Age,18 - 29 years,USA,15.86,12.42,19.34
29-05-2022,Took Prescription Medication for Mental Health,By Age,30 - 44 years,USA,28.7,26.71,30.05
29-05-2022,Received Counseling or Therapy,By Age,30 - 44 years,USA,34.71,31.15,39.07
29-05-2022,Took Prescription Medication for Mental Health,By Age,45 - 64 years,USA,17.13,13.91,19.09
29-05-2022,Received Counseling or Therapy,By Age,45 - 64 years,USA,32.76,28.02,34.97
29-05-2022,Took Prescription Medication for Mental Health,By Age,65+,USA,20.14,15.28,23.58
29-05-2022,Received Counseling or Therapy,By Age,65+,USA,35.39,30.99,39.26
05-06-2022,Took Prescription Medication for Mental Health,By State,All,California,24.97,21.36,27.6
05-06-2022,Received Counseling or Therapy,By State,All,California,12.96,8.62,15.78
05-06-2022,Took Prescription Medication for Mental Health,By State,All,Texas,17.99,13.37,19.7
05-06-2022,Received Counseling or Therapy,By State,All,Texas,17.23,12.64,22.06
05-06-2022,Took Prescription Medication for Mental Health,By State,All,Florida,29.4,26.93,31.12
05-06-2022,Received Counseling or Therapy,By State,All,Florida,36.26,34.18,40.93
05-06-2022,Took Prescription Medication for Mental Health,By State,All,New York,18.38,16.37,23.33
05-06-2022,Received Counseling or Therapy,By State,All,New York,12.34,7.7,14.45
05-06-2022,Took Prescription Medication for Mental Health,By State,All,Illinois,14.58,13.56,16.73
05-06-2022,Received Counseling or Therapy,By State,All,Illinois,34.71,31.73,38.06
05-06-2022,Took Prescription Medication for Mental Health,National Estimate,All,USA,19.99,17.14,21.19
05-06-2022,Received Counseling or Therapy,National Estimate,All,USA,17.95,16.63,19.08
05-06-2022,Took Prescription Medication for Mental Health,By Age,18 - 29 years,USA,12.32,8.84,13.59
05-06-2022,Received Counseling or Therapy,By Age,18 - 29 years,USA,31.68,30.6,35.29
05-06-2022,Took Prescription Medication for Mental Health,By Age,30 - 44 years,USA,38.37,35.29,41.38
05-06-2022,Received Counseling or Therapy,By Age,30 - 44 years,USA,17.51,12.54,18.54
05-06-2022,Took Prescription Medication for Mental Health,By Age,45 - 64 years,USA,16.39,11.49,21.35
05-06-2022,Received Counseling or Therapy,By Age,45 - 64 years,USA,20.53,18.79,22.29
05-06-2022,Took Prescription Medication for Mental Health,By Age,65+,USA,38.36,36.28,39.9
05-06-2022,Received Counseling or Therapy,By Age,65+,USA,33.68,29.5,37.06
12-06-2022,Took Prescription Medication for Mental Health,By State,All,California,38.43,37.12,40.71
12-06-2022,Received Counseling or Therapy,By State,All,California,10.99,8.22,12.45
12-06-2022,Took Prescription Medication for Mental Health,By State,All,Texas,39.33,37.47,42.96
12-06-2022,Received Counseling or Therapy,By State,All,Texas,25.45,21.41,27.96
12-06-2022,Took Prescription Medication for Mental Health,By State,All,Florida,35.85,32.48,36.92
12-06-2022,Received Counseling or Therapy,By State,All,Florida,13.33,10.11,17.16
12-06-2022,Took Prescription Medication for Mental Health,By State,All,New York,29.4,24.61,32.04
12-06-2022,Received Counseling or Therapy,By State,All,New York,10.65,6.36,13.27
12-06-2022,Took Prescription Medication for Mental Health,By State,All,Illinois,15.18,10.77,18.18
12-06-2022,Received Counseling or Therapy,By State,All,Illinois,20.94,17.78,25.75
12-06-2022,Took Prescription Medication for Mental Health,National Estimate,All,USA,27.76,24.85,28.99
12-06-2022,Received Counseling or Therapy,National Estimate,All,USA,20.77,17.36,24.59
12-06-2022,Took Prescription Medication for Mental Health,By Age,18 - 29 years,USA,33.35,30.24,36.21
12-06-2022,Received Counseling or Therapy,By Age,18 - 29 years,USA,37.9,36.49,39.06
12-06-2022,Took Prescription Medication for Mental Health,By Age,30 - 44 years,USA,17.1,15.02,20.4
12-06-2022,Received Counseling or Therapy,By Age,30 - 44 years,USA,25.82,21.38,28.07
12-06-2022,Took Prescription Medication for Mental Health,By Age,45 - 64 years,USA,10.8,6.53,14.78
12-06-2022,Received Counseling or Therapy,By Age,45 - 64 years,USA,12.87,9.58,14.79
12-06-2022,Took Prescription Medication for Mental Health,By Age,65+,USA,22.05,20.79,24.25
12-06-2022,Received Counseling or Therapy,By Age,65+,USA,25.06,22.39,27.67
19-06-2022,Took Prescription Medication for Mental Health,By State,All,California,21.18,16.23,23.5
19-06-2022,Received Counseling or Therapy,By State,All,California,22.33,17.52,26.99
19-06-2022,Took Prescription Medication for Mental Health,By State,All,Texas,16.05,11.65,17.1
19-06-2022,Received Counseling or Therapy,By State,All,Texas,21.75,18.57,24.3
19-06-2022,Took Prescription Medication for Mental Health,By State,All,Florida,12.1,10.95,15.51
19-06-2022,Received Counseling or Therapy,By State,All,Florida,23.21,20.25,27.28
19-06-2022,Took Prescription Medication for Mental Health,By State,All,New York,22.54,20.44,23.54
19-06-2022,Received Counseling or Therapy,By State,All,New York,27.26,24.31,31.09
19-06-2022,Took Prescription Medication for Mental Health,By State,All,Illinois,32.76,31.06,34.91
19-06-2022,Received Counseling or Therapy,By State,All,Illinois,33.27,28.76,37.97
19-06-2022,Took Prescription Medication for Mental Health,National Estimate,All,USA,32.57,30.31,35.27
19-06-2022,Received Counseling or Therapy,National Estimate,All,USA,19.97,17.63,22.52
19-06-2022,Took Prescription Medication for Mental Health,By Age,18 - 29 years,USA,14.79,10.08,17.24
19-06-2022,Received Counseling or Therapy,By Age,18 - 29 years,USA,16.12,14.4,20.42
19-06-2022,Took Prescription Medication for Mental Health,By Age,30 - 44 years,USA,20.25,17.94,22.72
19-06-2022,Received Counseling or Therapy,By Age,30 - 44 years,USA,39.4,36.3,41.4
19-06-2022,Took Prescription Medication for Mental Health,By Age,45 - 64 years,USA,31.24,29.58,35.14
19-06-2022,Received Counseling or Therapy,By Age,45 - 64 years,USA,29.85,26.84,34.36
19-06-2022,Took Prescription Medication for Mental Health,By Age,65+,USA,10.29,7.56,12.04
19-06-2022,Received Counseling or Therapy,By Age,65+,USA,13.48,10.62,15.89
26-06-2022,Took Prescription Medication for Mental Health,By State,All,California,17.79,15.94,22.59
26-06-2022,Received Counseling or Therapy,By State,All,California,19.45,15.42,20.57
26-06-2022,Took Prescription Medication for Mental Health,By State,All,Texas,10.35,6.38,12.06
26-06-2022,Received Counseling or Therapy,By State,All,Texas,15.22,10.93,16.77
26-06-2022,Took Prescription Medication for Mental Health,By State,All,Florida,22.49,19.53,24.43
26-06-2022,Received Counseling or Therapy,By State,All,Florida,36.49,32.6,39.84
26-06-2022,Took Prescription Medication for Mental Health,By State,All,New York,23.25,19.43,26.13
26-06-2022,Received Counseling or Therapy,By State,All,New York,19.96,17.66,22.6
26-06-2022,Took Prescription Medication for Mental Health,By State,All,Illinois,39.49,35.28,42.9
26-06-2022,Received Counseling or Therapy,By State,All,Illinois,28.73,27.68,29.95
26-06-2022,Took Prescription Medication for Mental Health,National Estimate,All,USA,26.51,25.08,30.48
26-06-2022,Received Counseling or Therapy,National Estimate,All,USA,15.97,12.43,18.46
26-06-2022,Took Prescription Medication for Mental Health,By Age,18 - 29 years,USA,15.6,14.37,20.58
26-06-2022,Received Counseling or Therapy,By Age,18 - 29 years,USA,35.88,33.44,40.49
26-06-2022,Took Prescription Medication for Mental Health,By Age,30 - 44 years,USA,34.07,30.78,38.67
26-06-2022,Received Counseling or Therapy,By Age,30 - 44 years,USA,28.07,23.34,30.96
26-06-2022,Took Prescription Medication for Mental Health,By Age,45 - 64 years,USA,29.16,25.16,32.33
26-06-2022,Received Counseling or Therapy,By Age,45 - 64 years,USA,30.43,28.06,34.22
26-06-2022,Took Prescription Medication for Mental Health,By Age,65+,USA,21.99,17.77,26.46
26-06-2022,Received Counseling or Therapy,By Age,65+,USA,21.04,19.6,23.55
03-07-2022,Took Prescription Medication for Mental Health,By State,All,California,28.54,24.57,32.15
03-07-2022,Received Counseling or Therapy,By State,All,California,38.63,36.79,42.15
03-07-2022,Took Prescription Medication for Mental Health,By State,All,Texas,13.15,11.69,15.78
03-07-2022,Received Counseling or Therapy,By State,All,Texas,38.28,36.04,41.37
03-07-2022,Took Prescription Medication for Mental Health,By State,All,Florida,14.67,12.41,18.58
03-07-2022,Received Counseling or Therapy,By State,All,Florida,28.03,23.6,30.05
03-07-2022,Took Prescription Medication for Mental Health,By State,All,New York,31.37,30.37,34.57
03-07-2022,Received Counseling or Therapy,By State,All,New York,27.61,25.51,31.45
03-07-2022,Took Prescription Medication for Mental Health,By State,All,Illinois,34.81,32.1,38.02
03-07-2022,Received Counseling or Therapy,By State,All,Illinois,34.09,32.99,35.38
03-07-2022,Took Prescription Medication for Mental Health,National Estimate,All,USA,15.17,13.05,17.93
03-07-2022,Received Counseling or Therapy,National Estimate,All,USA,29.2,27.06,30.88
03-07-2022,Took Prescription Medication for Mental Health,By Age,18 - 29 years,USA,31.11,29.79,33.11
03-07-2022,Received Counseling or Therapy,By Age,18 - 29 years,USA,38.55,34.26,39.95
03-07-2022,Took Prescription Medication for Mental Health,By Age,30 - 44 years,USA,32.6,28.87,36.02
03-07-2022,Received Counseling or Therapy,By Age,30 - 44 years,USA,18.8,15.11,23.08
03-07-2022,Took Prescription Medication for Mental Health,By Age,45 - 64 years,USA,26.72,23.07,28.45
03-07-2022,Received Counseling or Therapy,By Age,45 - 64 years,USA,37.06,34.42,38.32
03-07-2022,Took Prescription Medication for Mental Health,By Age,65+,USA,24.31,22.23,25.67
03-07-2022,Received Counseling or Therapy,By Age,65+,USA,31.38,29.28,35.85
10-07-2022,Took Prescription Medication for Mental Health,By State,All,California,18.38,15.65,20.3
10-07-2022,Received Counseling or Therapy,By State,All,California,26.29,25.09,31.12
10-07-2022,Took Prescription Medication for Mental Health,By State,All,Texas,27.09,25.36,31.74
10-07-2022,Received Counseling or Therapy,By State,All,Texas,13.58,8.59,14.59
10-07-2022,Took Prescription Medication for Mental Health,By State,All,Florida,30.3,25.68,34.73
10-07-2022,Received Counseling or Therapy,By State,All,Florida,33.19,30.83,34.54
10-07-2022,Took Prescription Medication for Mental Health,By State,All,New York,17.76,15.65,20.74
10-07-2022,Received Counseling or Therapy,By State,All,New York,37.97,33.01,40.14
10-07-2022,Took Prescription Medication for Mental Health,By State,All,Illinois,38.02,34.26,40.05
10-07-2022,Received Counseling or Therapy,By State,All,Illinois,14.02,12.41,17.15
10-07-2022,Took Prescription Medication for Mental Health,National Estimate,All,USA,30.43,28.92,33.31
10-07-2022,Received Counseling or Therapy,National Estimate,All,USA,26.11,24.86,28.65
10-07-2022,Took Prescription Medication for Mental Health,By Age,18 - 29 years,USA,15.07,10.76,17.56
10-07-2022,Received Counseling or Therapy,By Age,18 - 29 years,USA,37.31,33.06,39.38
10-07-2022,Took Prescription Medication for Mental Health,By Age,30 - 44 years,USA,23.23,20.54,25.13
10-07-2022,Received Counseling or Therapy,By Age,30 - 44 years,USA,20.79,18.08,25.36
10-07-2022,Took Prescription Medication for Mental Health,By Age,45 - 64 years,USA,24.52,20.91,27.12
10-07-2022,Received Counseling or Therapy,By Age,45 - 64 years,USA,30.43,28.09,34.93
10-07-2022,Took Prescription Medication for Mental Health,By Age,65+,USA,28.89,27.86,32.22
10-07-2022,Received Counseling or Therapy,By Age,65+,USA,21.94,20.24,25.53
17-07-2022,Took Prescription Medication for Mental Health,By State,All,California,14.04,11.81,18
17-07-2022,Received Counseling or Therapy,By State,All,California,18.48,15.22,21.07
17-07-2022,Took Prescription Medication for Mental Health,By State,All,Texas,11.04,6.36,13.74
17-07-2022,Received Counseling or Therapy,By State,All,Texas,18.6,14.4,22.81
17-07-2022,Took Prescription Medication for Mental Health,By State,All,Florida,22.59,17.62,23.86
17-07-2022,Received Counseling or Therapy,By State,All,Florida,39.25,34.58,40.68
17-07-2022,Took Prescription Medication for Mental Health,By State,All,New York,34.23,30.45,38.92
17-07-2022,Received Counseling or Therapy,By State,All,New York,10.05,5.56,13.27
17-07-2022,Took Prescription Medication for Mental Health,By State,All,Illinois,25.76,24.08,29.59
17-07-2022,Received Counseling or Therapy,By State,All,Illinois,31.23,29.88,35.15
17-07-2022,Took Prescription Medication for Mental Health,National Estimate,All,USA,25.44,24.3,29.25
17-07-2022,Received Counseling or Therapy,National Estimate,All,USA,22.92,20.5,24.34
17-07-2022,Took Prescription Medication for Mental Health,By Age,18 - 29 years,USA,31.32,26.81,33.89
17-07-2022,Received Counseling or Therapy,By Age,18 - 29 years,USA,18.78,16.25,21.5
17-07-2022,Took Prescription Medication for Mental Health,By Age,30 - 44 years,USA,34.31,32.63,36.11
17-07-2022,Received Counseling or Therapy,By Age,30 - 44 years,USA,19.67,15.05,24.35
17-07-2022,Took Prescription Medication for Mental Health,By Age,45 - 64 years,USA,35.78,31.27,37.85
17-07-2022,Received Counseling or Therapy,By Age,45 - 64 years,USA,19.49,16.25,23.59
17-07-2022,Took Prescription Medication for Mental Health,By Age,65+,USA,17.41,16.16,21.22
17-07-2022,Received Counseling or Therapy,By Age,65+,USA,29.38,24.63,32.31
24-07-2022,Took Prescription Medication for Mental Health,By State,All,California,31,28,33.3
24-07-2022,Received Counseling or Therapy,By State,All,California,13.05,11.85,17.68
24-07-2022,Took Prescription Medication for Mental Health,By State,All,Texas,17.46,15.09,21.43
24-07-2022,Received Counseling or Therapy,By State,All,Texas,15.53,14.25,17.09
24-07-2022,Took Prescription Medication for Mental Health,By State,All,Florida,22.15,17.44,24.45
24-07-2022,Received Counseling or Therapy,By State,All,Florida,26.04,24.78,27.6
24-07-2022,Took Prescription Medication for Mental Health,By State,All,New York,22.56,21.45,25.14
24-07-2022,Received Counseling or Therapy,By State,All,New York,34.13,29.45,35.88
24-07-2022,Took Prescription Medication for Mental Health,By State,All,Illinois,21.81,20.7,23.89
24-07-2022,Received Counseling or Therapy,By State,All,Illinois,34.06,30.44,38.11
24-07-2022,Took Prescription Medication for Mental Health,National Estimate,All,USA,15.51,11.87,18.63
24-07-2022,Received Counseling or Therapy,National Estimate,All,USA,27.77,24.12,29.04
24-07-2022,Took Prescription Medication for Mental Health,By Age,18 - 29 years,USA,23.73,20.65,25.53
24-07-2022,Received Counseling or Therapy,By Age,18 - 29 years,USA,11.9,9.41,13.14
24-07-2022,Took Prescription Medication for Mental Health,By Age,30 - 44 years,USA,11.48,10.25,14.91
24-07-2022,Received Counseling or Therapy,By Age,30 - 44 years,USA,35.14,31.02,40.08
24-07-2022,Took Prescription Medication for Mental Health,By Age,45 - 64 years,USA,28.17,24.2,29.71
24-07-2022,Received Counseling or Therapy,By Age,45 - 64 years,USA,35.39,32.77,37.5
24-07-2022,Took Prescription Medication for Mental Health,By Age,65+,USA,19.39,14.73,20.46
24-07-2022,Received Counseling or Therapy,By Age,65+,USA,27.41,26.34,28.88
31-07-2022,Took Prescription Medication for Mental Health,By State,All,California,35.8,33.36,39.2
31-07-2022,Received Counseling or Therapy,By State,All,California,37.4,34.31,41.85
31-07-2022,Took Prescription Medication for Mental Health,By State,All,Texas,27.18,24.28,29.38
31-07-2022,Received Counseling or Therapy,By State,All,Texas,14.09,11.68,17.17
31-07-2022,Took Prescription Medication for Mental Health,By State,All,Florida,20.7,16.23,23.8
31-07-2022,Received Counseling or Therapy,By State,All,Florida,13.59,9.88,17.48
31-07-2022,Took Prescription Medication for Mental Health,By State,All,New York,11.21,6.22,13.36
31-07-2022,Received Counseling or Therapy,By State,All,New York,32.88,30.62,35.26
31-07-2022,Took Prescription Medication for Mental Health,By State,All,Illinois,14.68,10.8,18.59
31-07-2022,Received Counseling or Therapy,By State,All,Illinois,20.71,16.13,25.51
31-07-2022,Took Prescription Medication for Mental Health,National Estimate,All,USA,17.13,15.21,18.54
31-07-2022,Received Counseling or Therapy,National Estimate,All,USA,26.91,24.37,28.42
31-07-2022,Took Prescription Medication for Mental Health,By Age,18 - 29 years,USA,10.24,7.07,11.29
31-07-2022,Received Counseling or Therapy,By Age,18 - 29 years,USA,31.19,29.37,35.8
31-07-2022,Took Prescription Medication for Mental Health,By Age,30 - 44 years,USA,22.79,19.13,26.29
31-07-2022,Received Counseling or Therapy,By Age,30 - 44 years,USA,23.16,20.57,24.85
31-07-2022,Took Prescription Medication for Mental Health,By Age,45 - 64 years,USA,37.01,33.86,40.62
31-07-2022,Received Counseling or Therapy,By Age,45 - 64 years,USA,19.39,16.5,23.75
31-07-2022,Took Prescription Medication for Mental Health,By Age,65+,USA,19.15,15.21,23.15
31-07-2022,Received Counseling or Therapy,By Age,65+,USA,17.16,14.13,20.13
07-08-2022,Took Prescription Medication for Mental Health,By State,All,California,11.53,9.77,15.18
07-08-2022,Received Counseling or Therapy,By State,All,California,37.69,33.02,39.49
07-08-2022,Took Prescription Medication for Mental Health,By State,All,Texas,34.07,32.09,37.24
07-08-2022,Received Counseling or Therapy,By State,All,Texas,20.22,15.66,23.53
07-08-2022,Took Prescription Medication for Mental Health,By State,All,Florida,17.36,12.57,19.06
07-08-2022,Received Counseling or Therapy,By State,All,Florida,15.57,14.47,20.19
07-08-2022,Took Prescription Medication for Mental Health,By State,All,New York,25.79,21.3,29.77
07-08-2022,Received Counseling or Therapy,By State,All,New York,36.87,34.19,40.91
07-08-2022,Took Prescription Medication for Mental Health,By State,All,Illinois,20.14,18.38,21.97
07-08-2022,Received Counseling or Therapy,By State,All,Illinois,10.41,8,11.86
07-08-2022,Took Prescription Medication for Mental Health,National Estimate,All,USA,30.65,28.82,34.33
07-08-2022,Received Counseling or Therapy,National Estimate,All,USA,22.86,21.51,26.33
07-08-2022,Took Prescription Medication for Mental Health,By Age,18 - 29 years,USA,36.63,31.81,39.74
07-08-2022,Received Counseling or Therapy,By Age,18 - 29 years,USA,20.51,18.19,24.48
07-08-2022,Took Prescription Medication for Mental Health,By Age,30 - 44 years,USA,32.04,27.79,34.68
07-08-2022,Received Counseling or Therapy,By Age,30 - 44 years,USA,33.31,29.7,37.97
07-08-2022,Took Prescription Medication for Mental Health,By Age,45 - 64 years,USA,33.47,30.08,35.02
07-08-2022,Received Counseling or Therapy,By Age,45 - 64 years,USA,37.51,35.66,41.49
07-08-2022,Took Prescription Medication for Mental Health,By Age,65+,USA,28.08,23.16,31.88
07-08-2022,Received Counseling or Therapy,By Age,65+,USA,36.42,35.12,39.98
14-08-2022,Took Prescription Medication for Mental Health,By State,All,California,13.49,8.76,15.11
14-08-2022,Received Counseling or Therapy,By State,All,California,13.3,8.56,17.13
14-08-2022,Took Prescription Medication for Mental Health,By State,All,Texas,37.85,33.31,40.53
14-08-2022,Received Counseling or Therapy,By State,All,Texas,37.7,33.8,39.26
14-08-2022,Took Prescription Medication for Mental Health,By State,All,Florida,27.23,22.37,29.77
14-08-2022,Received Counseling or Therapy,By State,All,Florida,27.2,23.41,30.67
14-08-2022,Took Prescription Medication for Mental Health,By State,All,New York,27.5,23.18,29.1
14-08-2022,Received Counseling or Therapy,By State,All,New York,35.73,34.33,38.62
14-08-2022,Took Prescription Medication for Mental Health,By State,All,Illinois,27.02,22.09,28.11
14-08-2022,Received Counseling or Therapy,By State,All,Illinois,21.9,19.51,23.26
14-08-2022,Took Prescription Medication for Mental Health,National Estimate,All,USA,18.62,15.12,20.77
14-08-2022,Received Counseling or Therapy,National Estimate,All,USA,34.24,33.09,37.09
14-08-2022,Took Prescription Medication for Mental Health,By Age,18 - 29 years,USA,24.95,23.4,29.43
14-08-2022,Received Counseling or Therapy,By Age,18 - 29 years,USA,16.7,12.3,20.16
14-08-2022,Took Prescription Medication for Mental Health,By Age,30 - 44 years,USA,18.26,16.01,23.15
14-08-2022,Received Counseling or Therapy,By Age,30 - 44 years,USA,33.2,28.4,36.87
14-08-2022,Took Prescription Medication for Mental Health,By Age,45 - 64 years,USA,25.85,22.1,30.27
14-08-2022,Received Counseling or Therapy,By Age,45 - 64 years,USA,22.35,20.31,24.77
14-08-2022,Took Prescription Medication for Mental Health,By Age,65+,USA,16.8,13.28,20.62
14-08-2022,Received Counseling or Therapy,By Age,65+,USA,24.84,22.43,26.68
21-08-2022,Took Prescription Medication for Mental Health,By State,All,California,14.44,11.32,19.07
21-08-2022,Received Counseling or Therapy,By State,All,California,33.25,31.61,37.79
21-08-2022,Took Prescription Medication for Mental Health,By State,All,Texas,11.94,8.86,15.5
21-08-2022,Received Counseling or Therapy,By State,All,Texas,24.01,21.95,25.93
21-08-2022,Took Prescription Medication for Mental Health,By State,All,Florida,28.2,25.64,29.67
21-08-2022,Received Counseling or Therapy,By State,All,Florida,21.56,19.24,25.48
21-08-2022,Took Prescription Medication for Mental Health,By State,All,New York,15.58,13.6,19.36
21-08-2022,Received Counseling or Therapy,By State,All,New York,21.82,18.15,22.97
21-08-2022,Took Prescription Medication for Mental Health,By State,All,Illinois,29.84,25.81,31.39
21-08-2022,Received Counseling or Therapy,By State,All,Illinois,16.24,12.42,18.61
21-08-2022,Took Prescription Medication for Mental Health,National Estimate,All,USA,22.57,19.74,24.15
21-08-2022,Received Counseling or Therapy,National Estimate,All,USA,21.61,18.09,25.28
21-08-2022,Took Prescription Medication for Mental Health,By Age,18 - 29 years,USA,11.04,6.78,12.47
21-08-2022,Received Counseling or Therapy,By Age,18 - 29 years,USA,13.34,10.92,17.25
21-08-2022,Took Prescription Medication for Mental Health,By Age,30 - 44 years,USA,39.36,34.55,43.99
21-08-2022,Received Counseling or Therapy,By Age,30 - 44 years,USA,31.02,28.66,33.67
21-08-2022,Took Prescription Medication for Mental Health,By Age,45 - 64 years,USA,28.99,26.27,31.22
21-08-2022,Received Counseling or Therapy,By Age,45 - 64 years,USA,38.97,35.78,41.6
21-08-2022,Took Prescription Medication for Mental Health,By Age,65+,USA,38.92,36.93,41.31
21-08-2022,Received Counseling or Therapy,By Age,65+,USA,22.36,19.51,25.04
28-08-2022,Took Prescription Medication for Mental Health,By State,All,California,16.23,11.66,20.85
28-08-2022,Received Counseling or Therapy,By State,All,California,27.7,23.54,30.43
28-08-2022,Took Prescription Medication for Mental Health,By State,All,Texas,39.26,37.85,41.94
28-08-2022,Received Counseling or Therapy,By State,All,Texas,29.35,26.59,30.49
28-08-2022,Took Prescription Medication for Mental Health,By State,All,Florida,12.85,10.89,13.88
28-08-2022,Received Counseling or Therapy,By State,All,Florida,34.41,32.72,38.69
28-08-2022,Took Prescription Medication for Mental Health,By State,All,New York,32.97,28.1,37.7
28-08-2022,Received Counseling or Therapy,By State,All,New York,10.23,9.16,13.16
28-08-2022,Took Prescription Medication for Mental Health,By State,All,Illinois,26.06,22.14,27.21
28-08-2022,Received Counseling or Therapy,By State,All,Illinois,18.9,14.56,19.95
28-08-2022,Took Prescription Medication for Mental Health,National Estimate,All,USA,21.53,19.99,24.26
28-08-2022,Received Counseling or Therapy,National Estimate,All,USA,22.36,18.79,25.5
28-08-2022,Took Prescription Medication for Mental Health,By Age,18 - 29 years,USA,14.23,11.66,16.91
28-08-2022,Received Counseling or Therapy,By Age,18 - 29 years,USA,38.98,35,40.7
28-08-2022,Took Prescription Medication for Mental Health,By Age,30 - 44 years,USA,35.3,32.02,38.79
28-08-2022,Received Counseling or Therapy,By Age,30 - 44 years,USA,36.36,31.76,39.65
28-08-2022,Took Prescription Medication for Mental Health,By Age,45 - 64 years,USA,13.14,9.79,17.96
28-08-2022,Received Counseling or Therapy,By Age,45 - 64 years,USA,16.97,12.3,19.97
28-08-2022,Took Prescription Medication for Mental Health,By Age,65+,USA,21.39,18.37,24.75
28-08-2022,Received Counseling or Therapy,By Age,65+,USA,33.93,29.13,38.75
04-09-2022,Took Prescription Medication for Mental Health,By State,All,California,31.42,27.03,34.72
04-09-2022,Received Counseling or Therapy,By State,All,California,12.97,10.88,15.49
04-09-2022,Took Prescription Medication for Mental Health,By State,All,Texas,37.88,34.58,40.74
04-09-2022,Received Counseling or Therapy,By State,All,Texas,11.6,8.47,13.53
04-09-2022,Took Prescription Medication for Mental Health,By State,All,Florida,27.05,25.37,30.09
04-09-2022,Received Counseling or Therapy,By State,All,Florida,38.11,34.15,41.68
04-09-2022,Took Prescription Medication for Mental Health,By State,All,New York,32.05,30.86,34.35
04-09-2022,Received Counseling or Therapy,By State,All,New York,23.95,20.48,26.35
04-09-2022,Took Prescription Medication for Mental Health,By State,All,Illinois,27.03,23.24,29.48
04-09-2022,Received Counseling or Therapy,By State,All,Illinois,19.41,17.32,20.43
04-09-2022,Took Prescription Medication for Mental Health,National Estimate,All,USA,32.67,30.98,34.26
04-09-2022,Received Counseling or Therapy,National Estimate,All,USA,16.69,14.7,20.35
04-09-2022,Took Prescription Medication for Mental Health,By Age,18 - 29 years,USA,37.81,33.65,41.63
04-09-2022,Received Counseling or Therapy,By Age,18 - 29 years,USA,10.3,6.12,11.42
04-09-2022,Took Prescription Medication for Mental Health,By Age,30 - 44 years,USA,36.97,32.85,38.29
04-09-2022,Received Counseling or Therapy,By Age,30 - 44 years,USA,31.71,30.53,33.94
04-09-2022,Took Prescription Medication for Mental Health,By Age,45 - 64 years,USA,10.17,6.26,14.81
04-09-2022,Received Counseling or Therapy,By Age,45 - 64 years,USA,18.94,17.54,20.94
04-09-2022,Took Prescription Medication for Mental Health,By Age,65+,USA,21.24,19.72,24.6
04-09-2022,Received Counseling or Therapy,By Age,65+,USA,21.09,17.86,23.4
11-09-2022,Took Prescription Medication for Mental Health,By State,All,California,21.52,18.16,23.44
11-09-2022,Received Counseling or Therapy,By State,All,California,33.96,29.49,37.83
11-09-2022,Took Prescription Medication for Mental Health,By State,All,Texas,14.75,11.7,15.99
11-09-2022,Received Counseling or Therapy,By State,All,Texas,26.48,21.75,29.75
11-09-2022,Took Prescription Medication for Mental Health,By State,All,Florida,20.56,18.09,24.94
11-09-2022,Received Counseling or Therapy,By State,All,Florida,13.49,11.63,15.26
11-09-2022,Took Prescription Medication for Mental Health,By State,All,New York,32.57,28.94,34.2
11-09-2022,Received Counseling or Therapy,By State,All,New York,10.74,6.31,13.64
11-09-2022,Took Prescription Medication for Mental Health,By State,All,Illinois,29.31,26.47,32.94
11-09-2022,Received Counseling or Therapy,By State,All,Illinois,21.75,19.35,26.49
11-09-2022,Took Prescription Medication for Mental Health,National Estimate,All,USA,26.94,25.03,29.79
11-09-2022,Received Counseling or Therapy,National Estimate,All,USA,20.54,19.14,21.71
11-09-2022,Took Prescription Medication for Mental Health,By Age,18 - 29 years,USA,20.16,15.81,22.28
11-09-2022,Received Counseling or Therapy,By Age,18 - 29 years,USA,29.16,26.62,31.19
11-09-2022,Took Prescription Medication for Mental Health,By Age,30 - 44 years,USA,13.86,11.27,16.74
11-09-2022,Received Counseling or Therapy,By Age,30 - 44 years,USA,33.63,28.63,35.99
11-09-2022,Took Prescription Medication for Mental Health,By Age,45 - 64 years,USA,27.4,25.76,32.13
11-09-2022,Received Counseling or Therapy,By Age,45 - 64 years,USA,20.12,18.22,21.7
11-09-2022,Took Prescription Medication for Mental Health,By Age,65+,USA,36.65,32.26,40.05
11-09-2022,Received Counseling or Therapy,By Age,65+,USA,36.33,33.47,39.15
18-09-2022,Took Prescription Medication for Mental Health,By State,All,California,23.11,20.38,25.87
18-09-2022,Received Counseling or Therapy,By State,All,California,17.19,12.64,20.47
18-09-2022,Took Prescription Medication for Mental Health,By State,All,Texas,29.29,25.62,31.38
18-09-2022,Received Counseling or Therapy,By State,All,Texas,28.29,26.64,32.53
18-09-2022,Took Prescription Medication for Mental Health,By State,All,Florida,29.22,26.18,30.93
18-09-2022,Received Counseling or Therapy,By State,All,Florida,39.25,37.92,43.84
18-09-2022,Took Prescription Medication for Mental Health,By State,All,New York,26.26,22.35,28.73
18-09-2022,Received Counseling or Therapy,By State,All,New York,33.33,32.25,34.96
18-09-2022,Took Prescription Medication for Mental Health,By State,All,Illinois,38.13,34.81,40.19
18-09-2022,Received Counseling or Therapy,By State,All,Illinois,32.53,27.97,34.27
18-09-2022,Took Prescription Medication for Mental Health,National Estimate,All,USA,15.21,11.73,18.54
18-09-2022,Received Counseling or Therapy,National Estimate,All,USA,18.44,17.24,20.78
18-09-2022,Took Prescription Medication for Mental Health,By Age,18 - 29 years,USA,24.05,21.5,27.88
18-09-2022,Received Counseling or Therapy,By Age,18 - 29 years,USA,12.75,10.83,16.47
18-09-2022,Took Prescription Medication for Mental Health,By Age,30 - 44 years,USA,14.75,12.69,19.52
18-09-2022,Received Counseling or Therapy,By Age,30 - 44 years,USA,20.26,15.4,24.43
18-09-2022,Took Prescription Medication for Mental Health,By Age,45 - 64 years,USA,20.31,19.02,22.75
18-09-2022,Received Counseling or Therapy,By Age,45 - 64 years,USA,24.62,23.1,26.66
18-09-2022,Took Prescription Medication for Mental Health,By Age,65+,USA,23.77,21.42,26.33
18-09-2022,Received Counseling or Therapy,By Age,65+,USA,37.29,34.81,39.19
25-09-2022,Took Prescription Medication for Mental Health,By State,All,California,32.4,30.05,35.83
25-09-2022,Received Counseling or Therapy,By State,All,California,13.19,9.57,17.53
25-09-2022,Took Prescription Medication for Mental Health,By State,All,Texas,19.38,14.81,22.19
25-09-2022,Received Counseling or Therapy,By State,All,Texas,12.45,10.38,17.28
25-09-2022,Took Prescription Medication for Mental Health,By State,All,Florida,36.16,34.23,37.39
25-09-2022,Received Counseling or Therapy,By State,All,Florida,20.42,18.19,24.47
25-09-2022,Took Prescription Medication for Mental Health,By State,All,New York,25.23,20.7,27.45
25-09-2022,Received Counseling or Therapy,By State,All,New York,11.49,7.11,15.15
25-09-2022,Took Prescription Medication for Mental Health,By State,All,Illinois,20.93,18.08,24
25-09-2022,Received Counseling or Therapy,By State,All,Illinois,18.67,14.98,19.92
25-09-2022,Took Prescription Medication for Mental Health,National Estimate,All,USA,28.55,25.47,30.65
25-09-2022,Received Counseling or Therapy,National Estimate,All,USA,21.8,17.9,24.26
25-09-2022,Took Prescription Medication for Mental Health,By Age,18 - 29 years,USA,35.78,34.31,37.14
25-09-2022,Received Counseling or Therapy,By Age,18 - 29 years,USA,24.72,22.78,29.21
25-09-2022,Took Prescription Medication for Mental Health,By Age,30 - 44 years,USA,31.64,27.17,35.34
25-09-2022,Received Counseling or Therapy,By Age,30 - 44 years,USA,10.82,5.93,12.28
25-09-2022,Took Prescription Medication for Mental Health,By Age,45 - 64 years,USA,15.29,10.5,16.9
25-09-2022,Received Counseling or Therapy,By Age,45 - 64 years,USA,13.55,9.45,17.88
25-09-2022,Took Prescription Medication for Mental Health,By Age,65+,USA,17.33,15,19.62
25-09-2022,Received Counseling or Therapy,By Age,65+,USA,17.35,15.79,22.13
02-10-2022,Took Prescription Medication for Mental Health,By State,All,California,33.18,31.71,34.86
02-10-2022,Received Counseling or Therapy,By State,All,California,31.81,29.6,33.79
02-10-2022,Took Prescription Medication for Mental Health,By State,All,Texas,32.29,27.85,34.68
02-10-2022,Received Counseling or Therapy,By State,All,Texas,12.46,10.71,14.92
02-10-2022,Took Prescription Medication for Mental Health,By State,All,Florida,30.77,27.18,35.19
02-10-2022,Received Counseling or Therapy,By State,All,Florida,25.13,23.14,28.53
02-10-2022,Took Prescription Medication for Mental Health,By State,All,New York,27.28,24.03,30.42
02-10-2022,Received Counseling or Therapy,By State,All,New York,38.36,34.94,41.55
02-10-2022,Took Prescription Medication for Mental Health,By State,All,Illinois,19.69,18.65,22.45
02-10-2022,Received Counseling or Therapy,By State,All,Illinois,33.32,32.22,36.04
02-10-2022,Took Prescription Medication for Mental Health,National Estimate,All,USA,22.01,19.52,25.72
02-10-2022,Received Counseling or Therapy,National Estimate,All,USA,17.83,15.99,18.88
02-10-2022,Took Prescription Medication for Mental Health,By Age,18 - 29 years,USA,18.18,16.45,22.27
02-10-2022,Received Counseling or Therapy,By Age,18 - 29 years,USA,16.56,12.27,20.53
02-10-2022,Took Prescription Medication for Mental Health,By Age,30 - 44 years,USA,20.52,16.77,24.91
02-10-2022,Received Counseling or Therapy,By Age,30 - 44 years,USA,17.14,15.79,18.32
02-10-2022,Took Prescription Medication for Mental Health,By Age,45 - 64 years,USA,11.17,9.18,14.55
02-10-2022,Received Counseling or Therapy,By Age,45 - 64 years,USA,20.77,18.56,22.9
02-10-2022,Took Prescription Medication for Mental Health,By Age,65+,USA,31.05,27.71,35.63
02-10-2022,Received Counseling or Therapy,By Age,65+,USA,25.5,24.25,28.64
09-10-2022,Took Prescription Medication for Mental Health,By State,All,California,13.78,9.73,16.53
09-10-2022,Received Counseling or Therapy,By State,All,California,32.47,27.72,35.07
09-10-2022,Took Prescription Medication for Mental Health,By State,All,Texas,25.5,21.55,26.77
09-10-2022,Received Counseling or Therapy,By State,All,Texas,10.64,6.53,14.43
09-10-2022,Took Prescription Medication for Mental Health,By State,All,Florida,28.99,26.09,31.96
09-10-2022,Received Counseling or Therapy,By State,All,Florida,39,34.22,40.04
09-10-2022,Took Prescription Medication for Mental Health,By State,All,New York,32.45,31.39,36.81
09-10-2022,Received Counseling or Therapy,By State,All,New York,14.75,10.06,17.32
09-10-2022,Took Prescription Medication for Mental Health,By State,All,Illinois,36.1,34.17,40.86
09-10-2022,Received Counseling or Therapy,By State,All,Illinois,19.33,16.59,24.2
09-10-2022,Took Prescription Medication for Mental Health,National Estimate,All,USA,33.09,29.5,35.98
09-10-2022,Received Counseling or Therapy,National Estimate,All,USA,27.21,24.28,28.84
09-10-2022,Took Prescription Medication for Mental Health,By Age,18 - 29 years,USA,14.14,11.22,16.06
09-10-2022,Received Counseling or Therapy,By Age,18 - 29 years,USA,20.95,19.14,24.63
09-10-2022,Took Prescription Medication for Mental Health,By Age,30 - 44 years,USA,27.98,24.73,32.56
09-10-2022,Received Counseling or Therapy,By Age,30 - 44 years,USA,28.22,23.68,32.94
09-10-2022,Took Prescription Medication for Mental Health,By Age,45 - 64 years,USA,29.01,27.85,32.17
09-10-2022,Received Counseling or Therapy,By Age,45 - 64 years,USA,12.35,9.19,16.66
09-10-2022,Took Prescription Medication for Mental Health,By Age,65+,USA,37.1,34.63,38.61
09-10-2022,Received Counseling or Therapy,By Age,65+,USA,24.96,22.72,27.22
16-10-2022,Took Prescription Medication for Mental Health,By State,All,California,23.1,19.4,24.65
16-10-2022,Received Counseling or Therapy,By State,All,California,18.21,14.1,20.89
16-10-2022,Took Prescription Medication for Mental Health,By State,All,Texas,21.29,18.43,24.65
16-10-2022,Received Counseling or Therapy,By State,All,Texas,26.71,24.57,31.08
16-10-2022,Took Prescription Medication for Mental Health,By State,All,Florida,10.29,6.6,13.48
16-10-2022,Received Counseling or Therapy,By State,All,Florida,19.41,17.65,23.09
16-10-2022,Took Prescription Medication for Mental Health,By State,All,New York,21.67,19.8,26.35
16-10-2022,Received Counseling or Therapy,By State,All,New York,22.98,21.13,27.73
16-10-2022,Took Prescription Medication for Mental Health,By State,All,Illinois,24.65,23.33,29.54
16-10-2022,Received Counseling or Therapy,By State,All,Illinois,26.06,23.66,29.93
16-10-2022,Took Prescription Medication for Mental Health,National Estimate,All,USA,16.96,14.18,18.36
16-10-2022,Received Counseling or Therapy,National Estimate,All,USA,16.86,12.86,18.41
16-10-2022,Took Prescription Medication for Mental Health,By Age,18 - 29 years,USA,37.85,36.15,40.73
16-10-2022,Received Counseling or Therapy,By Age,18 - 29 years,USA,18.47,14.28,20.56
16-10-2022,Took Prescription Medication for Mental Health,By Age,30 - 44 years,USA,29.92,26.11,32.12
16-10-2022,Received Counseling or Therapy,By Age,30 - 44 years,USA,31.96,29.08,35.51
16-10-2022,Took Prescription Medication for Mental Health,By Age,45 - 64 years,USA,38.87,37.86,41.34
16-10-2022,Received Counseling or Therapy,By Age,45 - 64 years,USA,20.84,19.22,22.44
16-10-2022,Took Prescription Medication for Mental Health,By Age,65+,USA,29.21,24.21,33.34
16-10-2022,Received Counseling or Therapy,By Age,65+,USA,24.25,20.21,28.26
23-10-2022,Took Prescription Medication for Mental Health,By State,All,California,25.5,21.15,27.69
23-10-2022,Received Counseling or Therapy,By State,All,California,14.52,12.02,15.92
23-10-2022,Took Prescription Medication for Mental Health,By State,All,Texas,31.07,26.5,34.38
23-10-2022,Received Counseling or Therapy,By State,All,Texas,10.75,6.28,12.33
23-10-2022,Took Prescription Medication for Mental Health,By State,All,Florida,10.73,7.41,13.51
23-10-2022,Received Counseling or Therapy,By State,All,Florida,27.67,23.87,30.72
23-10-2022,Took Prescription Medication for Mental Health,By State,All,New York,26.58,23.86,31.42
23-10-2022,Received Counseling or Therapy,By State,All,New York,13.57,11.36,17.12
23-10-2022,Took Prescription Medication for Mental Health,By State,All,Illinois,15.36,14.15,19.39
23-10-2022,Received Counseling or Therapy,By State,All,Illinois,10.14,6.17,13.54
23-10-2022,Took Prescription Medication for Mental Health,National Estimate,All,USA,17.2,14.11,20.62
23-10-2022,Received Counseling or Therapy,National Estimate,All,USA,32.94,31.3,36.59
23-10-2022,Took Prescription Medication for Mental Health,By Age,18 - 29 years,USA,21.91,17.99,25.95
23-10-2022,Received Counseling or Therapy,By Age,18 - 29 years,USA,25.42,22.31,26.92
23-10-2022,Took Prescription Medication for Mental Health,By Age,30 - 44 years,USA,24.26,20.73,25.73
23-10-2022,Received Counseling or Therapy,By Age,30 - 44 years,USA,35.05,33.02,39.63
23-10-2022,Took Prescription Medication for Mental Health,By Age,45 - 64 years,USA,13.73,9.45,15.9
23-10-2022,Received Counseling or Therapy,By Age,45 - 64 years,USA,15.19,13.45,18.12
23-10-2022,Took Prescription Medication for Mental Health,By Age,65+,USA,10.56,8.54,11.84
23-10-2022,Received Counseling or Therapy,By Age,65+,USA,22.05,20.76,24.97
30-10-2022,Took Prescription Medication for Mental Health,By State,All,California,11.54,9.87,13.15
30-10-2022,Received Counseling or Therapy,By State,All,California,39.79,35.97,44.27
30-10-2022,Took Prescription Medication for Mental Health,By State,All,Texas,24.98,19.98,28.25
30-10-2022,Received Counseling or Therapy,By State,All,Texas,35.22,32.01,36.26
30-10-2022,Took Prescription Medication for Mental Health,By State,All,Florida,15.73,13.63,17.76
30-10-2022,Received Counseling or Therapy,By State,All,Florida,24.14,22.98,25.76
30-10-2022,Took Prescription Medication for Mental Health,By State,All,New York,18.28,15.72,22.14
30-10-2022,Received Counseling or Therapy,By State,All,New York,28.6,26.95,33.54
30-10-2022,Took Prescription Medication for Mental Health,By State,All,Illinois,30.35,26.63,32.08
30-10-2022,Received Counseling or Therapy,By State,All,Illinois,33.82,32.64,35.34
30-10-2022,Took Prescription Medication for Mental Health,National Estimate,All,USA,15.46,11.77,16.97
30-10-2022,Received Counseling or Therapy,National Estimate,All,USA,29.84,26.98,33.54
30-10-2022,Took Prescription Medication for Mental Health,By Age,18 - 29 years,USA,34.52,32.03,37.71
30-10-2022,Received Counseling or Therapy,By Age,18 - 29 years,USA,12.13,9.97,13.97
30-10-2022,Took Prescription Medication for Mental Health,By Age,30 - 44 years,USA,37.44,36.23,39.79
30-10-2022,Received Counseling or Therapy,By Age,30 - 44 years,USA,26.94,24.53,30.1
30-10-2022,Took Prescription Medication for Mental Health,By Age,45 - 64 years,USA,20.23,15.54,23.23
30-10-2022,Received Counseling or Therapy,By Age,45 - 64 years,USA,10.66,7.8,14.88
30-10-2022,Took Prescription Medication for Mental Health,By Age,65+,USA,10.74,9.37,12.74
30-10-2022,Received Counseling or Therapy,By Age,65+,USA,32.88,30.92,35.53
06-11-2022,Took Prescription Medication for Mental Health,By State,All,California,39.16,35.13,41.84
06-11-2022,Received Counseling or Therapy,By State,All,California,16.87,11.89,21.76
06-11-2022,Took Prescription Medication for Mental Health,By State,All,Texas,25.39,23.04,26.58
06-11-2022,Received Counseling or Therapy,By State,All,Texas,34.41,31.8,37.97
06-11-2022,Took Prescription Medication for Mental Health,By State,All,Florida,39.93,35.88,44.14
06-11-2022,Received Counseling or Therapy,By State,All,Florida,15.81,12.57,18.78
06-11-2022,Took Prescription Medication for Mental Health,By State,All,New York,11.66,9.74,14.32
06-11-2022,Received Counseling or Therapy,By State,All,New York,33.2,30.66,35.32
06-11-2022,Took Prescription Medication for Mental Health,By State,All,Illinois,22.8,20.94,24.97
06-11-2022,Received Counseling or Therapy,By State,All,Illinois,23.98,19.57,28.5
06-11-2022,Took Prescription Medication for Mental Health,National Estimate,All,USA,34.31,31.09,37.99
06-11-2022,Received Counseling or Therapy,National Estimate,All,USA,30.22,27.38,33.24
06-11-2022,Took Prescription Medication for Mental Health,By Age,18 - 29 years,USA,25.64,22.6,27.52
06-11-2022,Received Counseling or Therapy,By Age,18 - 29 years,USA,17.89,16.5,19.17
06-11-2022,Took Prescription Medication for Mental Health,By Age,30 - 44 years,USA,30.82,29.06,35.73
06-11-2022,Received Counseling or Therapy,By Age,30 - 44 years,USA,14.27,12.74,15.69
06-11-2022,Took Prescription Medication for Mental Health,By Age,45 - 64 years,USA,16.02,11.64,20.68
06-11-2022,Received Counseling or Therapy,By Age,45 - 64 years,USA,26.61,22.54,30.67
06-11-2022,Took Prescription Medication for Mental Health,By Age,65+,USA,32.94,29.34,36.22
06-11-2022,Received Counseling or Therapy,By Age,65+,USA,20.91,19.36,25.5
13-11-2022,Took Prescription Medication for Mental Health,By State,All,California,19.26,17.26,20.56
13-11-2022,Received Counseling or Therapy,By State,All,California,20.16,15.48,23.66
13-11-2022,Took Prescription Medication for Mental Health,By State,All,Texas,37.47,35.64,40.4
13-11-2022,Received Counseling or Therapy,By State,All,Texas,16.59,12.7,18.7
13-11-2022,Took Prescription Medication for Mental Health,By State,All,Florida,39.16,37.53,42.47
13-11-2022,Received Counseling or Therapy,By State,All,Florida,30.66,27.14,32.79
13-11-2022,Took Prescription Medication for Mental Health,By State,All,New York,35.45,32.99,37.8
13-11-2022,Received Counseling or Therapy,By State,All,New York,24.31,23.16,25.94
13-11-2022,Took Prescription Medication for Mental Health,By State,All,Illinois,25.53,22.42,30.52
13-11-2022,Received Counseling or Therapy,By State,All,Illinois,38.48,33.76,40.14
13-11-2022,Took Prescription Medication for Mental Health,National Estimate,All,USA,17.35,16.04,20.75
13-11-2022,Received Counseling or Therapy,National Estimate,All,USA,32.22,29.35,33.87
13-11-2022,Took Prescription Medication for Mental Health,By Age,18 - 29 years,USA,28.23,23.54,32.61
13-11-2022,Received Counseling or Therapy,By Age,18 - 29 years,USA,18.94,16.39,22.25
13-11-2022,Took Prescription Medication for Mental Health,By Age,30 - 44 years,USA,17.91,15.77,20.18
13-11-2022,Received Counseling or Therapy,By Age,30 - 44 years,USA,39.3,34.92,41.89
13-11-2022,Took Prescription Medication for Mental Health,By Age,45 - 64 years,USA,14.79,13.74,19.72
13-11-2022,Received Counseling or Therapy,By Age,45 - 64 years,USA,26.4,24.15,27.93
13-11-2022,Took Prescription Medication for Mental Health,By Age,65+,USA,38.89,36.97,40.46
13-11-2022,Received Counseling or Therapy,By Age,65+,USA,12.78,10.84,17.31
20-11-2022,Took Prescription Medication for Mental Health,By State,All,California,30.51,26.85,32.42
20-11-2022,Received Counseling or Therapy,By State,All,California,31.95,27.48,36.68
20-11-2022,Took Prescription Medication for Mental Health,By State,All,Texas,20.13,17.43,22.48
20-11-2022,Received Counseling or Therapy,By State,All,Texas,20.82,16.74,25.61
20-11-2022,Took Prescription Medication for Mental Health,By State,All,Florida,15.83,12.45,19.16
20-11-2022,Received Counseling or Therapy,By State,All,Florida,29.46,26.68,34.14
20-11-2022,Took Prescription Medication for Mental Health,By State,All,New York,39.79,38.48,41.99
20-11-2022,Received Counseling or Therapy,By State,All,New York,25.57,23.38,27.24
20-11-2022,Took Prescription Medication for Mental Health,By State,All,Illinois,13.1,11.75,17.6
20-11-2022,Received Counseling or Therapy,By State,All,Illinois,10.89,9.37,14.46
20-11-2022,Took Prescription Medication for Mental Health,National Estimate,All,USA,17.54,16.12,19.51
20-11-2022,Received Counseling or Therapy,National Estimate,All,USA,34.39,32.09,36
20-11-2022,Took Prescription Medication for Mental Health,By Age,18 - 29 years,USA,21.76,17.66,24.22
20-11-2022,Received Counseling or Therapy,By Age,18 - 29 years,USA,12.71,9.9,17.64
20-11-2022,Took Prescription Medication for Mental Health,By Age,30 - 44 years,USA,23.87,19.53,26.84
20-11-2022,Received Counseling or Therapy,By Age,30 - 44 years,USA,27.7,25.12,32.43
20-11-2022,Took Prescription Medication for Mental Health,By Age,45 - 64 years,USA,25,21.49,28.89
20-11-2022,Received Counseling or Therapy,By Age,45 - 64 years,USA,22.87,21.63,26.13
20-11-2022,Took Prescription Medication for Mental Health,By Age,65+,USA,33.1,30.35,35.83
20-11-2022,Received Counseling or Therapy,By Age,65+,USA,39.26,34.66,40.73
27-11-2022,Took Prescription Medication for Mental Health,By State,All,California,19.71,15.88,23.74
27-11-2022,Received Counseling or Therapy,By State,All,California,12.56,10.62,13.99
27-11-2022,Took Prescription Medication for Mental Health,By State,All,Texas,35.95,34.12,38.68
27-11-2022,Received Counseling or Therapy,By State,All,Texas,11.4,6.57,14
27-11-2022,Took Prescription Medication for Mental Health,By State,All,Florida,38.28,35.46,41.15
27-11-2022,Received Counseling or Therapy,By State,All,Florida,12.6,10.17,14.61
27-11-2022,Took Prescription Medication for Mental Health,By State,All,New York,37.35,34.22,38.4
27-11-2022,Received Counseling or Therapy,By State,All,New York,23.63,19.09,25.85
27-11-2022,Took Prescription Medication for Mental Health,By State,All,Illinois,14.82,10.72,15.88
27-11-2022,Received Counseling or Therapy,By State,All,Illinois,28.79,27.47,31.39
27-11-2022,Took Prescription Medication for Mental Health,National Estimate,All,USA,25.51,22.38,29.34
27-11-2022,Received Counseling or Therapy,National Estimate,All,USA,32.72,28.9,33.94
27-11-2022,Took Prescription Medication for Mental Health,By Age,18 - 29 years,USA,17.72,14.6,19.69
27-11-2022,Received Counseling or Therapy,By Age,18 - 29 years,USA,20.37,15.63,24.17
27-11-2022,Took Prescription Medication for Mental Health,By Age,30 - 44 years,USA,16.46,11.59,19.95
27-11-2022,Received Counseling or Therapy,By Age,30 - 44 years,USA,26.16,24.15,27.32
27-11-2022,Took Prescription Medication for Mental Health,By Age,45 - 64 years,USA,12.23,11.09,16.9
27-11-2022,Received Counseling or Therapy,By Age,45 - 64 years,USA,20.53,16.01,22.08
27-11-2022,Took Prescription Medication for Mental Health,By Age,65+,USA,10.75,9.7,14.67
27-11-2022,Received Counseling or Therapy,By Age,65+,USA,26.33,24.61,28.07
04-12-2022,Took Prescription Medication for Mental Health,By State,All,California,33.33,30.96,35.82
04-12-2022,Received Counseling or Therapy,By State,All,California,10.22,7.15,11.93
04-12-2022,Took Prescription Medication for Mental Health,By State,All,Texas,15.45,10.83,16.73
04-12-2022,Received Counseling or Therapy,By State,All,Texas,22.89,21.31,25.13
04-12-2022,Took Prescription Medication for Mental Health,By State,All,Florida,31.84,29.42,34.45
04-12-2022,Received Counseling or Therapy,By State,All,Florida,32.84,28.48,35.41
04-12-2022,Took Prescription Medication for Mental Health,By State,All,New York,30.9,28.87,33.56
04-12-2022,Received Counseling or Therapy,By State,All,New York,11.29,8.2,14.31
04-12-2022,Took Prescription Medication for Mental Health,By State,All,Illinois,16.64,11.86,18.64
04-12-2022,Received Counseling or Therapy,By State,All,Illinois,18.75,13.85,19.79
04-12-2022,Took Prescription Medication for Mental Health,National Estimate,All,USA,18.87,17.11,21.1
04-12-2022,Received Counseling or Therapy,National Estimate,All,USA,34.6,33.41,37.53
04-12-2022,Took Prescription Medication for Mental Health,By Age,18 - 29 years,USA,32.36,27.71,36.56
04-12-2022,Received Counseling or Therapy,By Age,18 - 29 years,USA,25.96,22.74,27.87
04-12-2022,Took Prescription Medication for Mental Health,By Age,30 - 44 years,USA,37.73,36.14,40.54
04-12-2022,Received Counseling or Therapy,By Age,30 - 44 years,USA,20.06,16.64,22.31
04-12-2022,Took Prescription Medication for Mental Health,By Age,45 - 64 years,USA,30.83,26.79,32.53
04-12-2022,Received Counseling or Therapy,By Age,45 - 64 years,USA,39.32,37.55,42.58
04-12-2022,Took Prescription Medication for Mental Health,By Age,65+,USA,27.5,25.71,28.87
04-12-2022,Received Counseling or Therapy,By Age,65+,USA,14.51,10.42,17.1
11-12-2022,Took Prescription Medication for Mental Health,By State,All,California,14.18,10.55,15.89
11-12-2022,Received Counseling or Therapy,By State,All,California,10.96,9.34,14.38
11-12-2022,Took Prescription Medication for Mental Health,By State,All,Texas,20.62,16.56,24.03
11-12-2022,Received Counseling or Therapy,By State,All,Texas,20.47,16.73,24.88
11-12-2022,Took Prescription Medication for Mental Health,By State,All,Florida,35.48,33.5,37.77
11-12-2022,Received Counseling or Therapy,By State,All,Florida,34.82,30.03,39.25
11-12-2022,Took Prescription Medication for Mental Health,By State,All,New York,25.28,23.19,27.87
11-12-2022,Received Counseling or Therapy,By State,All,New York,29,27.54,30.52
11-12-2022,Took Prescription Medication for Mental Health,By State,All,Illinois,19.44,17.31,22.14
11-12-2022,Received Counseling or Therapy,By State,All,Illinois,19.4,16.68,23.54
11-12-2022,Took Prescription Medication for Mental Health,National Estimate,All,USA,29.18,28.08,31.83
11-12-2022,Received Counseling or Therapy,National Estimate,All,USA,29.84,26.16,31.4
11-12-2022,Took Prescription Medication for Mental Health,By Age,18 - 29 years,USA,39.01,36.72,43.71
11-12-2022,Received Counseling or Therapy,By Age,18 - 29 years,USA,12.69,7.75,16.21
11-12-2022,Took Prescription Medication for Mental Health,By Age,30 - 44 years,USA,27.16,22.36,31.86
11-12-2022,Received Counseling or Therapy,By Age,30 - 44 years,USA,17.29,16.17,20.21
11-12-2022,Took Prescription Medication for Mental Health,By Age,45 - 64 years,USA,25.24,20.49,27.86
11-12-2022,Received Counseling or Therapy,By Age,45 - 64 years,USA,29.63,27.18,33.16
11-12-2022,Took Prescription Medication for Mental Health,By Age,65+,USA,21.07,19.13,25.42
11-12-2022,Received Counseling or Therapy,By Age,65+,USA,16.12,13.07,17.41
